{
  "type": "FeatureCollection",
  "generator": "overpass-turbo",
  "copyright": "The data included in this document is from www.openstreetmap.org. The data is made available under ODbL.",
  "timestamp": "2026-05-10T13:22:21Z",
  "features": [
    {
      "type": "Feature",
      "properties": {
        "@id": "relation/14591110",
        "colour": "purple",
        "from": "Ст.м.Почайна",
        "name": "Автобус 101: ст. м. Почайна - вул. Радунська",
        "name:uk": "Автобус 101: ст. м. Почайна - вул. Радунська",
        "network": "Київський автобус",
        "network:wikidata": "Q3399835",
        "operator": "Київпастранс",
        "operator:en": "Kyivpastrans",
        "operator:uk": "Київпастранс",
        "operator:wikidata": "Q12110155",
        "public_transport:version": "2",
        "ref": "101",
        "route": "bus",
        "to": "Вул.Радунська",
        "type": "route"
      },
      "geometry": {
        "type": "MultiLineString",
        "coordinates": [
          [
            [
              30.4981156,
              50.4881192
            ],
            [
              30.4981149,
              50.4881648
            ],
            [
              30.4981168,
              50.4884591
            ],
            [
              30.4982026,
              50.4885951
            ],
            [
              30.4982784,
              50.4886777
            ],
            [
              30.4983498,
              50.4887325
            ],
            [
              30.498438,
              50.4887798
            ],
            [
              30.4984798,
              50.4887986
            ],
            [
              30.4985738,
              50.4888275
            ],
            [
              30.4986873,
              50.4888441
            ],
            [
              30.4988047,
              50.4888554
            ],
            [
              30.4992004,
              50.4888669
            ],
            [
              30.4996215,
              50.4888626
            ],
            [
              30.4999,
              50.4888597
            ],
            [
              30.5002287,
              50.4888564
            ],
            [
              30.5010809,
              50.4888557
            ],
            [
              30.5026108,
              50.48886
            ],
            [
              30.502909,
              50.4888513
            ],
            [
              30.5032112,
              50.4888432
            ],
            [
              30.5035931,
              50.488833
            ],
            [
              30.5041952,
              50.4888179
            ],
            [
              30.5048596,
              50.4888399
            ],
            [
              30.5076546,
              50.4887424
            ],
            [
              30.5080504,
              50.4887271
            ],
            [
              30.5084292,
              50.4887108
            ],
            [
              30.5090645,
              50.4886893
            ],
            [
              30.509658,
              50.4886658
            ],
            [
              30.5102662,
              50.4886452
            ],
            [
              30.5107406,
              50.4886274
            ],
            [
              30.5122225,
              50.4885499
            ],
            [
              30.5127882,
              50.4885248
            ],
            [
              30.5136014,
              50.4884878
            ],
            [
              30.5149602,
              50.4884337
            ],
            [
              30.5159135,
              50.4884003
            ],
            [
              30.5179244,
              50.488327
            ],
            [
              30.5186875,
              50.4882964
            ],
            [
              30.5194303,
              50.4882645
            ],
            [
              30.5201703,
              50.4882331
            ],
            [
              30.5202012,
              50.488232
            ],
            [
              30.5206446,
              50.4882156
            ],
            [
              30.5209221,
              50.4882025
            ],
            [
              30.5221261,
              50.4881529
            ],
            [
              30.5232446,
              50.4881083
            ],
            [
              30.5241866,
              50.4881068
            ],
            [
              30.5250824,
              50.488137
            ],
            [
              30.5257184,
              50.4881774
            ],
            [
              30.5259494,
              50.4881966
            ],
            [
              30.5270264,
              50.4883032
            ],
            [
              30.527562,
              50.4883713
            ],
            [
              30.528758,
              50.4885962
            ],
            [
              30.5293846,
              50.4887211
            ],
            [
              30.5300816,
              50.4888869
            ],
            [
              30.5308966,
              50.4891215
            ],
            [
              30.5318986,
              50.4894256
            ],
            [
              30.5408942,
              50.4921554
            ],
            [
              30.5409637,
              50.492175
            ],
            [
              30.541796,
              50.4924166
            ],
            [
              30.543273,
              50.4928497
            ],
            [
              30.5441709,
              50.4930777
            ],
            [
              30.5450625,
              50.4933041
            ],
            [
              30.5460425,
              50.4934772
            ],
            [
              30.5468229,
              50.4935909
            ],
            [
              30.5480799,
              50.4937495
            ],
            [
              30.5498457,
              50.4939702
            ],
            [
              30.5522302,
              50.4942777
            ],
            [
              30.5572858,
              50.4949383
            ],
            [
              30.5590639,
              50.4951441
            ],
            [
              30.5601534,
              50.4952412
            ],
            [
              30.5605459,
              50.4952731
            ],
            [
              30.561399,
              50.4953389
            ],
            [
              30.5618158,
              50.4953707
            ],
            [
              30.5622022,
              50.4954001
            ],
            [
              30.5626062,
              50.495417
            ],
            [
              30.5632152,
              50.4954378
            ],
            [
              30.5638719,
              50.4954603
            ],
            [
              30.565597,
              50.4954836
            ],
            [
              30.5657201,
              50.4954829
            ],
            [
              30.5667383,
              50.495477
            ],
            [
              30.5681388,
              50.4954689
            ],
            [
              30.5687504,
              50.4954679
            ],
            [
              30.5701361,
              50.4954532
            ],
            [
              30.5707662,
              50.4954477
            ],
            [
              30.5719015,
              50.4954419
            ],
            [
              30.5729517,
              50.4954353
            ],
            [
              30.5745891,
              50.495425
            ],
            [
              30.5753309,
              50.495401
            ],
            [
              30.5770451,
              50.4954101
            ],
            [
              30.5781477,
              50.4954062
            ],
            [
              30.5789454,
              50.4954043
            ],
            [
              30.5810021,
              50.4953874
            ],
            [
              30.5815669,
              50.4953748
            ],
            [
              30.5818961,
              50.495366
            ],
            [
              30.5822574,
              50.4953504
            ],
            [
              30.5831132,
              50.4953001
            ],
            [
              30.5834667,
              50.495279
            ],
            [
              30.5836415,
              50.4952685
            ],
            [
              30.5839594,
              50.4952639
            ],
            [
              30.5843998,
              50.4952575
            ],
            [
              30.5845702,
              50.495255
            ],
            [
              30.5848508,
              50.4952509
            ],
            [
              30.585983,
              50.4952432
            ],
            [
              30.5870374,
              50.4952399
            ],
            [
              30.5873719,
              50.4952357
            ],
            [
              30.5891205,
              50.4952075
            ],
            [
              30.5892777,
              50.495205
            ],
            [
              30.5895343,
              50.4952032
            ],
            [
              30.5897061,
              50.4952032
            ],
            [
              30.5896327,
              50.4955587
            ],
            [
              30.5896244,
              50.4957059
            ],
            [
              30.5895452,
              50.4967257
            ],
            [
              30.5895254,
              50.4974591
            ],
            [
              30.5897515,
              50.4974549
            ],
            [
              30.590592,
              50.4974515
            ],
            [
              30.5910354,
              50.4974497
            ],
            [
              30.5910807,
              50.4974495
            ],
            [
              30.5918722,
              50.4974462
            ],
            [
              30.5938597,
              50.4974459
            ],
            [
              30.5940828,
              50.4974483
            ],
            [
              30.5941944,
              50.4974484
            ],
            [
              30.5954859,
              50.4974495
            ],
            [
              30.595839,
              50.4974498
            ],
            [
              30.5960659,
              50.4974501
            ],
            [
              30.5964748,
              50.4974506
            ],
            [
              30.5974621,
              50.4974526
            ],
            [
              30.5978237,
              50.4974534
            ],
            [
              30.5981472,
              50.497454
            ],
            [
              30.5989843,
              50.4974556
            ],
            [
              30.5995016,
              50.4974546
            ],
            [
              30.6001011,
              50.4974534
            ],
            [
              30.6016805,
              50.4974503
            ],
            [
              30.602738,
              50.4974636
            ],
            [
              30.6028933,
              50.4974834
            ],
            [
              30.6033622,
              50.4975567
            ],
            [
              30.603708,
              50.4976377
            ],
            [
              30.6038957,
              50.4976934
            ],
            [
              30.6040385,
              50.4977357
            ],
            [
              30.6044505,
              50.4978972
            ],
            [
              30.6044615,
              50.4979015
            ],
            [
              30.6047926,
              50.4980589
            ],
            [
              30.6051053,
              50.4982077
            ],
            [
              30.605447,
              50.4983764
            ],
            [
              30.6054604,
              50.498383
            ],
            [
              30.606188,
              50.4987067
            ],
            [
              30.6062208,
              50.4987213
            ],
            [
              30.6062393,
              50.4987294
            ],
            [
              30.6063951,
              50.4987977
            ],
            [
              30.6065346,
              50.4988603
            ],
            [
              30.6066999,
              50.4989309
            ],
            [
              30.6067333,
              50.4989451
            ],
            [
              30.6068019,
              50.4989773
            ],
            [
              30.6071967,
              50.4991627
            ],
            [
              30.6083368,
              50.499698
            ],
            [
              30.6084832,
              50.4997667
            ],
            [
              30.6090578,
              50.5000364
            ],
            [
              30.6096945,
              50.5003304
            ],
            [
              30.6104291,
              50.5006696
            ],
            [
              30.6107283,
              50.5008078
            ],
            [
              30.6107656,
              50.5008251
            ],
            [
              30.610814,
              50.5008474
            ],
            [
              30.61172,
              50.5012657
            ],
            [
              30.6119605,
              50.501383
            ],
            [
              30.6123636,
              50.5015796
            ],
            [
              30.6126728,
              50.501775
            ],
            [
              30.6128852,
              50.5019092
            ],
            [
              30.6132112,
              50.5021152
            ],
            [
              30.6137716,
              50.5025392
            ],
            [
              30.6138068,
              50.5025658
            ],
            [
              30.6145041,
              50.5031936
            ],
            [
              30.6148435,
              50.5035308
            ],
            [
              30.6150423,
              50.5037284
            ],
            [
              30.6151839,
              50.5038691
            ],
            [
              30.6152548,
              50.5039395
            ],
            [
              30.6153181,
              50.5040011
            ],
            [
              30.6158664,
              50.5045349
            ],
            [
              30.6161477,
              50.5048269
            ],
            [
              30.6162914,
              50.5049697
            ],
            [
              30.6176173,
              50.5062873
            ],
            [
              30.6185511,
              50.5072177
            ],
            [
              30.6188922,
              50.5075575
            ],
            [
              30.6189898,
              50.5076551
            ],
            [
              30.619927,
              50.5085927
            ],
            [
              30.6206712,
              50.5093359
            ],
            [
              30.6208495,
              50.5095139
            ],
            [
              30.6208953,
              50.5095597
            ],
            [
              30.620981,
              50.5096452
            ],
            [
              30.6210746,
              50.5097298
            ],
            [
              30.6212022,
              50.5098587
            ],
            [
              30.6212352,
              50.509892
            ],
            [
              30.6214722,
              50.5101315
            ],
            [
              30.6225146,
              50.5111847
            ],
            [
              30.6234777,
              50.5122747
            ],
            [
              30.6236069,
              50.5124209
            ],
            [
              30.6236575,
              50.5124862
            ],
            [
              30.6238305,
              50.5127097
            ],
            [
              30.6241644,
              50.5131408
            ],
            [
              30.6241848,
              50.5131671
            ],
            [
              30.6242592,
              50.5132632
            ],
            [
              30.6243491,
              50.5133632
            ],
            [
              30.6249116,
              50.5141869
            ],
            [
              30.6250906,
              50.5144579
            ],
            [
              30.6252385,
              50.5146819
            ],
            [
              30.6252765,
              50.5147455
            ],
            [
              30.6255253,
              50.5151607
            ],
            [
              30.6255711,
              50.5152298
            ],
            [
              30.6256,
              50.5152802
            ],
            [
              30.6256256,
              50.5153289
            ],
            [
              30.6258732,
              50.5157994
            ],
            [
              30.6260684,
              50.5161514
            ],
            [
              30.6260921,
              50.5162045
            ],
            [
              30.6262245,
              50.5165014
            ],
            [
              30.6264323,
              50.5168779
            ],
            [
              30.6265464,
              50.5171356
            ],
            [
              30.6266155,
              50.5172915
            ],
            [
              30.6267738,
              50.5176819
            ],
            [
              30.6267969,
              50.5177463
            ],
            [
              30.6269231,
              50.5180991
            ],
            [
              30.6269345,
              50.5181302
            ],
            [
              30.6271933,
              50.5188354
            ],
            [
              30.6273393,
              50.5193628
            ],
            [
              30.6274309,
              50.5196939
            ],
            [
              30.6274704,
              50.5198272
            ],
            [
              30.6275178,
              50.5200252
            ],
            [
              30.6277583,
              50.5210292
            ],
            [
              30.6277912,
              50.5211648
            ],
            [
              30.6278243,
              50.5213815
            ],
            [
              30.6278971,
              50.5218577
            ],
            [
              30.6279335,
              50.5223409
            ],
            [
              30.6279407,
              50.5224483
            ],
            [
              30.6279508,
              50.5225831
            ],
            [
              30.6279623,
              50.5227046
            ],
            [
              30.6279824,
              50.5228462
            ],
            [
              30.6280599,
              50.5234689
            ],
            [
              30.6280664,
              50.5235309
            ],
            [
              30.6280864,
              50.5237208
            ],
            [
              30.6281219,
              50.5240582
            ],
            [
              30.628128,
              50.5241158
            ],
            [
              30.6282036,
              50.5248344
            ],
            [
              30.6282365,
              50.5254833
            ],
            [
              30.6282532,
              50.5256528
            ],
            [
              30.6282711,
              50.5257728
            ],
            [
              30.6282754,
              50.5258596
            ],
            [
              30.6283258,
              50.5262895
            ],
            [
              30.628528,
              50.5277624
            ],
            [
              30.6285834,
              50.5282238
            ],
            [
              30.6286406,
              50.5286995
            ],
            [
              30.6286426,
              50.5287162
            ],
            [
              30.6286406,
              50.5287657
            ],
            [
              30.6286159,
              50.5288127
            ],
            [
              30.6285707,
              50.528853
            ],
            [
              30.6285158,
              50.5288945
            ],
            [
              30.6284592,
              50.5289074
            ],
            [
              30.628106,
              50.528924
            ],
            [
              30.6269105,
              50.5289801
            ],
            [
              30.626812,
              50.5289842
            ],
            [
              30.6267489,
              50.5289874
            ],
            [
              30.6265572,
              50.5289948
            ],
            [
              30.6249311,
              50.5290626
            ],
            [
              30.6247844,
              50.5290695
            ],
            [
              30.6243333,
              50.5290712
            ],
            [
              30.624139,
              50.529072
            ],
            [
              30.6239131,
              50.5290524
            ],
            [
              30.6237997,
              50.5290425
            ],
            [
              30.6236771,
              50.5290266
            ],
            [
              30.6236122,
              50.5290182
            ],
            [
              30.6233593,
              50.5289787
            ],
            [
              30.6232576,
              50.5289583
            ],
            [
              30.6231802,
              50.5289427
            ],
            [
              30.6230168,
              50.5289014
            ],
            [
              30.6228036,
              50.5288522
            ],
            [
              30.6222705,
              50.5286926
            ],
            [
              30.6216569,
              50.5285692
            ],
            [
              30.6210122,
              50.5285226
            ],
            [
              30.6209408,
              50.5285251
            ],
            [
              30.6206616,
              50.5285347
            ],
            [
              30.620349,
              50.5285455
            ],
            [
              30.620209,
              50.5285515
            ],
            [
              30.6200583,
              50.5285719
            ],
            [
              30.619827,
              50.5286232
            ],
            [
              30.61958,
              50.5286821
            ],
            [
              30.6193464,
              50.5287615
            ],
            [
              30.6191586,
              50.5288309
            ],
            [
              30.6188706,
              50.528972
            ],
            [
              30.6184636,
              50.5292237
            ],
            [
              30.6179099,
              50.5297073
            ],
            [
              30.6176817,
              50.5299284
            ],
            [
              30.6172999,
              50.5303047
            ],
            [
              30.6169145,
              50.5306708
            ],
            [
              30.6167805,
              50.5308013
            ],
            [
              30.6165224,
              50.5310346
            ],
            [
              30.6162805,
              50.5312098
            ],
            [
              30.6159228,
              50.5315209
            ],
            [
              30.6157828,
              50.5316407
            ],
            [
              30.6156824,
              50.531714
            ],
            [
              30.6155365,
              50.5318205
            ],
            [
              30.6152397,
              50.5320371
            ],
            [
              30.6151463,
              50.5321077
            ],
            [
              30.6146115,
              50.532419
            ],
            [
              30.6143885,
              50.532517
            ],
            [
              30.6140946,
              50.5325986
            ],
            [
              30.6137294,
              50.5326937
            ],
            [
              30.6133941,
              50.5327401
            ],
            [
              30.6129247,
              50.532765
            ],
            [
              30.6115259,
              50.5328392
            ],
            [
              30.6111405,
              50.5328557
            ],
            [
              30.6107452,
              50.5328769
            ],
            [
              30.6107074,
              50.5328782
            ],
            [
              30.6105581,
              50.5328835
            ],
            [
              30.6102508,
              50.5329016
            ],
            [
              30.6096697,
              50.5329253
            ],
            [
              30.6091246,
              50.5329508
            ],
            [
              30.6090282,
              50.5329539
            ],
            [
              30.6089023,
              50.532958
            ],
            [
              30.6086494,
              50.5329695
            ],
            [
              30.6086089,
              50.5329713
            ],
            [
              30.608513,
              50.5329773
            ],
            [
              30.6081059,
              50.5329996
            ],
            [
              30.6078221,
              50.5330157
            ],
            [
              30.6072696,
              50.5330478
            ],
            [
              30.6051868,
              50.5331585
            ],
            [
              30.6051186,
              50.5331619
            ],
            [
              30.60496,
              50.5331685
            ],
            [
              30.604763,
              50.5331769
            ],
            [
              30.60472,
              50.5331787
            ],
            [
              30.6046348,
              50.5331827
            ],
            [
              30.6044751,
              50.5331905
            ],
            [
              30.6036288,
              50.5332342
            ],
            [
              30.6029259,
              50.5332718
            ],
            [
              30.6027006,
              50.5332816
            ],
            [
              30.6021219,
              50.5332978
            ],
            [
              30.601997,
              50.5333004
            ],
            [
              30.6015518,
              50.5332855
            ],
            [
              30.6013205,
              50.5332593
            ],
            [
              30.6008107,
              50.5331637
            ],
            [
              30.600324,
              50.5330379
            ],
            [
              30.6002421,
              50.533012
            ],
            [
              30.6002072,
              50.5330016
            ],
            [
              30.5999778,
              50.5329348
            ],
            [
              30.5994372,
              50.5327684
            ],
            [
              30.5991023,
              50.5326826
            ],
            [
              30.598666,
              50.5325441
            ],
            [
              30.5986201,
              50.5325243
            ],
            [
              30.598234,
              50.532358
            ]
          ],
          [
            [
              30.598886,
              50.5321127
            ],
            [
              30.5990017,
              50.5323582
            ],
            [
              30.599013,
              50.5323742
            ],
            [
              30.5990998,
              50.5324979
            ],
            [
              30.5992672,
              50.5326364
            ],
            [
              30.5994372,
              50.5327684
            ]
          ]
        ]
      },
      "id": "relation/14591110"
    },
    {
      "type": "Feature",
      "properties": {
        "@id": "relation/14594895",
        "colour": "brown",
        "from": "Вул.Радунська",
        "name": "Автобус 101: вул. Радунська - ст. м. Почайна",
        "name:uk": "Автобус 101: вул. Радунська - ст. м. Почайна",
        "network": "Київський автобус",
        "network:wikidata": "Q3399835",
        "operator": "Київпастранс",
        "operator:en": "Kyivpastrans",
        "operator:uk": "Київпастранс",
        "operator:wikidata": "Q12110155",
        "public_transport:version": "2",
        "ref": "101",
        "route": "bus",
        "to": "Ст.м.Почайна",
        "type": "route"
      },
      "geometry": {
        "type": "LineString",
        "coordinates": [
          [
            30.5994372,
            50.5327684
          ],
          [
            30.5999778,
            50.5329348
          ],
          [
            30.6002072,
            50.5330016
          ],
          [
            30.6002421,
            50.533012
          ],
          [
            30.600324,
            50.5330379
          ],
          [
            30.6008107,
            50.5331637
          ],
          [
            30.6013205,
            50.5332593
          ],
          [
            30.6015518,
            50.5332855
          ],
          [
            30.601997,
            50.5333004
          ],
          [
            30.6021219,
            50.5332978
          ],
          [
            30.6027006,
            50.5332816
          ],
          [
            30.6029259,
            50.5332718
          ],
          [
            30.6036288,
            50.5332342
          ],
          [
            30.6044751,
            50.5331905
          ],
          [
            30.6046348,
            50.5331827
          ],
          [
            30.60472,
            50.5331787
          ],
          [
            30.604763,
            50.5331769
          ],
          [
            30.60496,
            50.5331685
          ],
          [
            30.6051186,
            50.5331619
          ],
          [
            30.6051868,
            50.5331585
          ],
          [
            30.6072696,
            50.5330478
          ],
          [
            30.6078221,
            50.5330157
          ],
          [
            30.6081059,
            50.5329996
          ],
          [
            30.608513,
            50.5329773
          ],
          [
            30.6086089,
            50.5329713
          ],
          [
            30.6086494,
            50.5329695
          ],
          [
            30.6089023,
            50.532958
          ],
          [
            30.6090282,
            50.5329539
          ],
          [
            30.6091246,
            50.5329508
          ],
          [
            30.6096697,
            50.5329253
          ],
          [
            30.6102508,
            50.5329016
          ],
          [
            30.6105581,
            50.5328835
          ],
          [
            30.6107074,
            50.5328782
          ],
          [
            30.6107452,
            50.5328769
          ],
          [
            30.6111405,
            50.5328557
          ],
          [
            30.6115259,
            50.5328392
          ],
          [
            30.6129247,
            50.532765
          ],
          [
            30.6133941,
            50.5327401
          ],
          [
            30.6137294,
            50.5326937
          ],
          [
            30.6140946,
            50.5325986
          ],
          [
            30.6143885,
            50.532517
          ],
          [
            30.6146115,
            50.532419
          ],
          [
            30.6151463,
            50.5321077
          ],
          [
            30.6152397,
            50.5320371
          ],
          [
            30.6155365,
            50.5318205
          ],
          [
            30.6156824,
            50.531714
          ],
          [
            30.6157828,
            50.5316407
          ],
          [
            30.6159228,
            50.5315209
          ],
          [
            30.6162805,
            50.5312098
          ],
          [
            30.6165224,
            50.5310346
          ],
          [
            30.6167805,
            50.5308013
          ],
          [
            30.6169145,
            50.5306708
          ],
          [
            30.6172999,
            50.5303047
          ],
          [
            30.6176817,
            50.5299284
          ],
          [
            30.6179099,
            50.5297073
          ],
          [
            30.6184636,
            50.5292237
          ],
          [
            30.6188706,
            50.528972
          ],
          [
            30.6191586,
            50.5288309
          ],
          [
            30.6193464,
            50.5287615
          ],
          [
            30.61958,
            50.5286821
          ],
          [
            30.619827,
            50.5286232
          ],
          [
            30.6200583,
            50.5285719
          ],
          [
            30.620209,
            50.5285515
          ],
          [
            30.620349,
            50.5285455
          ],
          [
            30.6206616,
            50.5285347
          ],
          [
            30.6209408,
            50.5285251
          ],
          [
            30.6210122,
            50.5285226
          ],
          [
            30.6216569,
            50.5285692
          ],
          [
            30.6222705,
            50.5286926
          ],
          [
            30.6228036,
            50.5288522
          ],
          [
            30.6230168,
            50.5289014
          ],
          [
            30.6231802,
            50.5289427
          ],
          [
            30.6232576,
            50.5289583
          ],
          [
            30.6233593,
            50.5289787
          ],
          [
            30.6236122,
            50.5290182
          ],
          [
            30.6236771,
            50.5290266
          ],
          [
            30.6237997,
            50.5290425
          ],
          [
            30.6239131,
            50.5290524
          ],
          [
            30.624139,
            50.529072
          ],
          [
            30.6243333,
            50.5290712
          ],
          [
            30.6247844,
            50.5290695
          ],
          [
            30.6249311,
            50.5290626
          ],
          [
            30.6265572,
            50.5289948
          ],
          [
            30.6267489,
            50.5289874
          ],
          [
            30.626812,
            50.5289842
          ],
          [
            30.6269105,
            50.5289801
          ],
          [
            30.628106,
            50.528924
          ],
          [
            30.6284592,
            50.5289074
          ],
          [
            30.6285158,
            50.5288945
          ],
          [
            30.6285707,
            50.528853
          ],
          [
            30.6286159,
            50.5288127
          ],
          [
            30.6286406,
            50.5287657
          ],
          [
            30.6286426,
            50.5287162
          ],
          [
            30.6286406,
            50.5286995
          ],
          [
            30.6285834,
            50.5282238
          ],
          [
            30.628528,
            50.5277624
          ],
          [
            30.6283258,
            50.5262895
          ],
          [
            30.6282754,
            50.5258596
          ],
          [
            30.6282711,
            50.5257728
          ],
          [
            30.6282532,
            50.5256528
          ],
          [
            30.6282365,
            50.5254833
          ],
          [
            30.6282036,
            50.5248344
          ],
          [
            30.628128,
            50.5241158
          ],
          [
            30.6281219,
            50.5240582
          ],
          [
            30.6280864,
            50.5237208
          ],
          [
            30.6280664,
            50.5235309
          ],
          [
            30.6280599,
            50.5234689
          ],
          [
            30.6279824,
            50.5228462
          ],
          [
            30.6279623,
            50.5227046
          ],
          [
            30.6279508,
            50.5225831
          ],
          [
            30.6279407,
            50.5224483
          ],
          [
            30.6279335,
            50.5223409
          ],
          [
            30.6278971,
            50.5218577
          ],
          [
            30.6278243,
            50.5213815
          ],
          [
            30.6277912,
            50.5211648
          ],
          [
            30.6277583,
            50.5210292
          ],
          [
            30.6275178,
            50.5200252
          ],
          [
            30.6274704,
            50.5198272
          ],
          [
            30.6274309,
            50.5196939
          ],
          [
            30.6273393,
            50.5193628
          ],
          [
            30.6271933,
            50.5188354
          ],
          [
            30.6269345,
            50.5181302
          ],
          [
            30.6269231,
            50.5180991
          ],
          [
            30.6267969,
            50.5177463
          ],
          [
            30.6267738,
            50.5176819
          ],
          [
            30.6266155,
            50.5172915
          ],
          [
            30.6265464,
            50.5171356
          ],
          [
            30.6264323,
            50.5168779
          ],
          [
            30.6262245,
            50.5165014
          ],
          [
            30.6260921,
            50.5162045
          ],
          [
            30.6260684,
            50.5161514
          ],
          [
            30.6258732,
            50.5157994
          ],
          [
            30.6256256,
            50.5153289
          ],
          [
            30.6256,
            50.5152802
          ],
          [
            30.6255711,
            50.5152298
          ],
          [
            30.6255253,
            50.5151607
          ],
          [
            30.6252765,
            50.5147455
          ],
          [
            30.6252385,
            50.5146819
          ],
          [
            30.6250906,
            50.5144579
          ],
          [
            30.6249116,
            50.5141869
          ],
          [
            30.6243491,
            50.5133632
          ],
          [
            30.6242592,
            50.5132632
          ],
          [
            30.6241848,
            50.5131671
          ],
          [
            30.6241644,
            50.5131408
          ],
          [
            30.6238305,
            50.5127097
          ],
          [
            30.6236575,
            50.5124862
          ],
          [
            30.6236069,
            50.5124209
          ],
          [
            30.6234777,
            50.5122747
          ],
          [
            30.6225146,
            50.5111847
          ],
          [
            30.6214722,
            50.5101315
          ],
          [
            30.6212352,
            50.509892
          ],
          [
            30.6212022,
            50.5098587
          ],
          [
            30.6210746,
            50.5097298
          ],
          [
            30.620981,
            50.5096452
          ],
          [
            30.6208953,
            50.5095597
          ],
          [
            30.6208495,
            50.5095139
          ],
          [
            30.6206712,
            50.5093359
          ],
          [
            30.619927,
            50.5085927
          ],
          [
            30.6189898,
            50.5076551
          ],
          [
            30.6188922,
            50.5075575
          ],
          [
            30.6185511,
            50.5072177
          ],
          [
            30.6176173,
            50.5062873
          ],
          [
            30.6162914,
            50.5049697
          ],
          [
            30.6161477,
            50.5048269
          ],
          [
            30.6158664,
            50.5045349
          ],
          [
            30.6153181,
            50.5040011
          ],
          [
            30.6152548,
            50.5039395
          ],
          [
            30.6151839,
            50.5038691
          ],
          [
            30.6150423,
            50.5037284
          ],
          [
            30.6148435,
            50.5035308
          ],
          [
            30.6145041,
            50.5031936
          ],
          [
            30.6138068,
            50.5025658
          ],
          [
            30.6137716,
            50.5025392
          ],
          [
            30.6132112,
            50.5021152
          ],
          [
            30.6128852,
            50.5019092
          ],
          [
            30.6126728,
            50.501775
          ],
          [
            30.6123636,
            50.5015796
          ],
          [
            30.6119605,
            50.501383
          ],
          [
            30.61172,
            50.5012657
          ],
          [
            30.610814,
            50.5008474
          ],
          [
            30.6107656,
            50.5008251
          ],
          [
            30.6107283,
            50.5008078
          ],
          [
            30.6104291,
            50.5006696
          ],
          [
            30.6096945,
            50.5003304
          ],
          [
            30.6090578,
            50.5000364
          ],
          [
            30.6084832,
            50.4997667
          ],
          [
            30.6083368,
            50.499698
          ],
          [
            30.6071967,
            50.4991627
          ],
          [
            30.6068019,
            50.4989773
          ],
          [
            30.6067333,
            50.4989451
          ],
          [
            30.6066999,
            50.4989309
          ],
          [
            30.6065346,
            50.4988603
          ],
          [
            30.6063951,
            50.4987977
          ],
          [
            30.6062393,
            50.4987294
          ],
          [
            30.6062208,
            50.4987213
          ],
          [
            30.606188,
            50.4987067
          ],
          [
            30.6054604,
            50.498383
          ],
          [
            30.605447,
            50.4983764
          ],
          [
            30.6051053,
            50.4982077
          ],
          [
            30.6047926,
            50.4980589
          ],
          [
            30.6044615,
            50.4979015
          ],
          [
            30.6044505,
            50.4978972
          ],
          [
            30.6040385,
            50.4977357
          ],
          [
            30.6038957,
            50.4976934
          ],
          [
            30.603708,
            50.4976377
          ],
          [
            30.6033622,
            50.4975567
          ],
          [
            30.6028933,
            50.4974834
          ],
          [
            30.602738,
            50.4974636
          ],
          [
            30.6016805,
            50.4974503
          ],
          [
            30.6001011,
            50.4974534
          ],
          [
            30.5995016,
            50.4974546
          ],
          [
            30.5989843,
            50.4974556
          ],
          [
            30.5981472,
            50.497454
          ],
          [
            30.5978237,
            50.4974534
          ],
          [
            30.5974621,
            50.4974526
          ],
          [
            30.5964748,
            50.4974506
          ],
          [
            30.5960659,
            50.4974501
          ],
          [
            30.595839,
            50.4974498
          ],
          [
            30.5954859,
            50.4974495
          ],
          [
            30.5941944,
            50.4974484
          ],
          [
            30.5940828,
            50.4974483
          ],
          [
            30.5938597,
            50.4974459
          ],
          [
            30.5918722,
            50.4974462
          ],
          [
            30.5910807,
            50.4974495
          ],
          [
            30.5910354,
            50.4974497
          ],
          [
            30.590592,
            50.4974515
          ],
          [
            30.5897515,
            50.4974549
          ],
          [
            30.5895254,
            50.4974591
          ],
          [
            30.5893748,
            50.4974569
          ],
          [
            30.5893725,
            50.4973982
          ],
          [
            30.5893476,
            50.4967525
          ],
          [
            30.5893229,
            50.4966832
          ],
          [
            30.5892737,
            50.4965454
          ],
          [
            30.5892039,
            50.4964226
          ],
          [
            30.5891734,
            50.4963847
          ],
          [
            30.589102,
            50.4962957
          ],
          [
            30.5889666,
            50.4961787
          ],
          [
            30.5888276,
            50.4960756
          ],
          [
            30.588668,
            50.4959678
          ],
          [
            30.5884097,
            50.4958464
          ],
          [
            30.5882071,
            50.4957601
          ],
          [
            30.5881146,
            50.4957258
          ],
          [
            30.5879479,
            50.4956797
          ],
          [
            30.5876909,
            50.495616
          ],
          [
            30.5873452,
            50.4955723
          ],
          [
            30.5859403,
            50.4955866
          ],
          [
            30.5845251,
            50.4956039
          ],
          [
            30.5839296,
            50.4956014
          ],
          [
            30.5836472,
            50.4956002
          ],
          [
            30.5831362,
            50.4955728
          ],
          [
            30.5830414,
            50.4955675
          ],
          [
            30.5825639,
            50.4955341
          ],
          [
            30.5823482,
            50.495519
          ],
          [
            30.5819902,
            50.4955111
          ],
          [
            30.5817099,
            50.4955043
          ],
          [
            30.5816614,
            50.4955047
          ],
          [
            30.5805848,
            50.4955131
          ],
          [
            30.5800828,
            50.4955171
          ],
          [
            30.5780325,
            50.4955332
          ],
          [
            30.5760834,
            50.4955601
          ],
          [
            30.5758349,
            50.4955619
          ],
          [
            30.5755143,
            50.4955606
          ],
          [
            30.5743037,
            50.4955762
          ],
          [
            30.5721332,
            50.4955764
          ],
          [
            30.5700354,
            50.4955787
          ],
          [
            30.569349,
            50.4955854
          ],
          [
            30.5672666,
            50.4955894
          ],
          [
            30.5656814,
            50.4955824
          ],
          [
            30.5638736,
            50.4955585
          ],
          [
            30.5632128,
            50.4955442
          ],
          [
            30.562199,
            50.4955083
          ],
          [
            30.561862,
            50.4954901
          ],
          [
            30.5610966,
            50.4954317
          ],
          [
            30.5609675,
            50.4954219
          ],
          [
            30.5606973,
            50.4954013
          ],
          [
            30.5599726,
            50.4953404
          ],
          [
            30.5596046,
            50.4953095
          ],
          [
            30.5590674,
            50.495245
          ],
          [
            30.557629,
            50.495083
          ],
          [
            30.5572495,
            50.495043
          ],
          [
            30.5521888,
            50.4943855
          ],
          [
            30.5497833,
            50.494076
          ],
          [
            30.5468019,
            50.4937086
          ],
          [
            30.546013,
            50.4936231
          ],
          [
            30.5450082,
            50.4934507
          ],
          [
            30.5441,
            50.4932149
          ],
          [
            30.5432516,
            50.4929947
          ],
          [
            30.5416911,
            50.4925256
          ],
          [
            30.5408997,
            50.4922598
          ],
          [
            30.5408495,
            50.4922455
          ],
          [
            30.5315546,
            50.4894502
          ],
          [
            30.5308166,
            50.4892287
          ],
          [
            30.5300274,
            50.4890097
          ],
          [
            30.5293319,
            50.4888405
          ],
          [
            30.528681,
            50.4887162
          ],
          [
            30.5277677,
            50.4885478
          ],
          [
            30.5269087,
            50.4884256
          ],
          [
            30.5258694,
            50.4883227
          ],
          [
            30.5252633,
            50.4882798
          ],
          [
            30.5250187,
            50.4882733
          ],
          [
            30.5241889,
            50.4882522
          ],
          [
            30.5238262,
            50.4882526
          ],
          [
            30.5232475,
            50.4882567
          ],
          [
            30.5221476,
            50.488288
          ],
          [
            30.5210575,
            50.4883444
          ],
          [
            30.517804,
            50.4884711
          ],
          [
            30.5146622,
            50.4886008
          ],
          [
            30.5136546,
            50.4886411
          ],
          [
            30.5102277,
            50.4887756
          ],
          [
            30.5088153,
            50.4888307
          ],
          [
            30.5077008,
            50.4888742
          ],
          [
            30.5075212,
            50.4888796
          ],
          [
            30.5064421,
            50.4889118
          ],
          [
            30.5058853,
            50.4889327
          ],
          [
            30.5041285,
            50.4889985
          ],
          [
            30.5036441,
            50.4890167
          ],
          [
            30.5024502,
            50.4892077
          ],
          [
            30.5019997,
            50.4893133
          ],
          [
            30.5006263,
            50.4897719
          ],
          [
            30.5003983,
            50.4898512
          ],
          [
            30.5000658,
            50.4899668
          ],
          [
            30.4989924,
            50.4907132
          ],
          [
            30.498674,
            50.4909298
          ],
          [
            30.4972628,
            50.4919001
          ],
          [
            30.4964327,
            50.4924538
          ],
          [
            30.4964069,
            50.4926037
          ],
          [
            30.4964557,
            50.4927401
          ],
          [
            30.4965556,
            50.4928309
          ],
          [
            30.4967201,
            50.4928858
          ],
          [
            30.496911,
            50.4928836
          ],
          [
            30.4970885,
            50.492833
          ],
          [
            30.4975013,
            50.4925313
          ],
          [
            30.4975224,
            50.4925065
          ],
          [
            30.4976205,
            50.4924002
          ],
          [
            30.4976741,
            50.4922785
          ],
          [
            30.497717,
            50.4921501
          ],
          [
            30.4976452,
            50.4908512
          ],
          [
            30.4976522,
            50.4905512
          ],
          [
            30.4976538,
            50.4903311
          ],
          [
            30.4976543,
            50.4902698
          ],
          [
            30.4976569,
            50.489916
          ],
          [
            30.497657,
            50.4898944
          ],
          [
            30.4976761,
            50.4893869
          ],
          [
            30.4976776,
            50.4893628
          ],
          [
            30.497681,
            50.4893064
          ],
          [
            30.4976858,
            50.4892259
          ],
          [
            30.4976869,
            50.489092
          ],
          [
            30.497683,
            50.4889726
          ],
          [
            30.4976826,
            50.4889605
          ],
          [
            30.497673,
            50.4886738
          ],
          [
            30.497663,
            50.4883615
          ],
          [
            30.497651,
            50.4877543
          ],
          [
            30.4976551,
            50.4874848
          ]
        ]
      },
      "id": "relation/14594895"
    },
    {
      "type": "Feature",
      "properties": {
        "@id": "node/375619536",
        "@relations": [
          {
            "role": "stop",
            "rel": 14591110,
            "reltags": {
              "colour": "purple",
              "from": "Ст.м.Почайна",
              "name": "Автобус 101: ст. м. Почайна - вул. Радунська",
              "name:uk": "Автобус 101: ст. м. Почайна - вул. Радунська",
              "network": "Київський автобус",
              "network:wikidata": "Q3399835",
              "operator": "Київпастранс",
              "operator:en": "Kyivpastrans",
              "operator:uk": "Київпастранс",
              "operator:wikidata": "Q12110155",
              "public_transport:version": "2",
              "ref": "101",
              "route": "bus",
              "to": "Вул.Радунська",
              "type": "route"
            }
          }
        ]
      },
      "geometry": {
        "type": "Point",
        "coordinates": [
          30.528758,
          50.4885962
        ]
      },
      "id": "node/375619536"
    },
    {
      "type": "Feature",
      "properties": {
        "@id": "node/419826895",
        "@relations": [
          {
            "role": "platform",
            "rel": 14594895,
            "reltags": {
              "colour": "brown",
              "from": "Вул.Радунська",
              "name": "Автобус 101: вул. Радунська - ст. м. Почайна",
              "name:uk": "Автобус 101: вул. Радунська - ст. м. Почайна",
              "network": "Київський автобус",
              "network:wikidata": "Q3399835",
              "operator": "Київпастранс",
              "operator:en": "Kyivpastrans",
              "operator:uk": "Київпастранс",
              "operator:wikidata": "Q12110155",
              "public_transport:version": "2",
              "ref": "101",
              "route": "bus",
              "to": "Ст.м.Почайна",
              "type": "route"
            }
          }
        ]
      },
      "geometry": {
        "type": "Point",
        "coordinates": [
          30.5805877,
          50.4956589
        ]
      },
      "id": "node/419826895"
    },
    {
      "type": "Feature",
      "properties": {
        "@id": "node/431331643",
        "@relations": [
          {
            "role": "platform",
            "rel": 14594895,
            "reltags": {
              "colour": "brown",
              "from": "Вул.Радунська",
              "name": "Автобус 101: вул. Радунська - ст. м. Почайна",
              "name:uk": "Автобус 101: вул. Радунська - ст. м. Почайна",
              "network": "Київський автобус",
              "network:wikidata": "Q3399835",
              "operator": "Київпастранс",
              "operator:en": "Kyivpastrans",
              "operator:uk": "Київпастранс",
              "operator:wikidata": "Q12110155",
              "public_transport:version": "2",
              "ref": "101",
              "route": "bus",
              "to": "Ст.м.Почайна",
              "type": "route"
            }
          }
        ]
      },
      "geometry": {
        "type": "Point",
        "coordinates": [
          30.5439934,
          50.4933796
        ]
      },
      "id": "node/431331643"
    },
    {
      "type": "Feature",
      "properties": {
        "@id": "node/431331644",
        "@relations": [
          {
            "role": "platform",
            "rel": 14591110,
            "reltags": {
              "colour": "purple",
              "from": "Ст.м.Почайна",
              "name": "Автобус 101: ст. м. Почайна - вул. Радунська",
              "name:uk": "Автобус 101: ст. м. Почайна - вул. Радунська",
              "network": "Київський автобус",
              "network:wikidata": "Q3399835",
              "operator": "Київпастранс",
              "operator:en": "Kyivpastrans",
              "operator:uk": "Київпастранс",
              "operator:wikidata": "Q12110155",
              "public_transport:version": "2",
              "ref": "101",
              "route": "bus",
              "to": "Вул.Радунська",
              "type": "route"
            }
          }
        ]
      },
      "geometry": {
        "type": "Point",
        "coordinates": [
          30.5442135,
          50.4930022
        ]
      },
      "id": "node/431331644"
    },
    {
      "type": "Feature",
      "properties": {
        "@id": "node/431333747",
        "@relations": [
          {
            "role": "platform",
            "rel": 14591110,
            "reltags": {
              "colour": "purple",
              "from": "Ст.м.Почайна",
              "name": "Автобус 101: ст. м. Почайна - вул. Радунська",
              "name:uk": "Автобус 101: ст. м. Почайна - вул. Радунська",
              "network": "Київський автобус",
              "network:wikidata": "Q3399835",
              "operator": "Київпастранс",
              "operator:en": "Kyivpastrans",
              "operator:uk": "Київпастранс",
              "operator:wikidata": "Q12110155",
              "public_transport:version": "2",
              "ref": "101",
              "route": "bus",
              "to": "Вул.Радунська",
              "type": "route"
            }
          }
        ]
      },
      "geometry": {
        "type": "Point",
        "coordinates": [
          30.5080161,
          50.4885924
        ]
      },
      "id": "node/431333747"
    },
    {
      "type": "Feature",
      "properties": {
        "@id": "node/431333748",
        "@relations": [
          {
            "role": "platform",
            "rel": 14594895,
            "reltags": {
              "colour": "brown",
              "from": "Вул.Радунська",
              "name": "Автобус 101: вул. Радунська - ст. м. Почайна",
              "name:uk": "Автобус 101: вул. Радунська - ст. м. Почайна",
              "network": "Київський автобус",
              "network:wikidata": "Q3399835",
              "operator": "Київпастранс",
              "operator:en": "Kyivpastrans",
              "operator:uk": "Київпастранс",
              "operator:wikidata": "Q12110155",
              "public_transport:version": "2",
              "ref": "101",
              "route": "bus",
              "to": "Ст.м.Почайна",
              "type": "route"
            }
          }
        ]
      },
      "geometry": {
        "type": "Point",
        "coordinates": [
          30.5088154,
          50.4889062
        ]
      },
      "id": "node/431333748"
    },
    {
      "type": "Feature",
      "properties": {
        "@id": "node/431347044",
        "@relations": [
          {
            "role": "stop",
            "rel": 14594895,
            "reltags": {
              "colour": "brown",
              "from": "Вул.Радунська",
              "name": "Автобус 101: вул. Радунська - ст. м. Почайна",
              "name:uk": "Автобус 101: вул. Радунська - ст. м. Почайна",
              "network": "Київський автобус",
              "network:wikidata": "Q3399835",
              "operator": "Київпастранс",
              "operator:en": "Kyivpastrans",
              "operator:uk": "Київпастранс",
              "operator:wikidata": "Q12110155",
              "public_transport:version": "2",
              "ref": "101",
              "route": "bus",
              "to": "Ст.м.Почайна",
              "type": "route"
            }
          }
        ]
      },
      "geometry": {
        "type": "Point",
        "coordinates": [
          30.5743037,
          50.4955762
        ]
      },
      "id": "node/431347044"
    },
    {
      "type": "Feature",
      "properties": {
        "@id": "node/442483786",
        "@relations": [
          {
            "role": "platform",
            "rel": 14591110,
            "reltags": {
              "colour": "purple",
              "from": "Ст.м.Почайна",
              "name": "Автобус 101: ст. м. Почайна - вул. Радунська",
              "name:uk": "Автобус 101: ст. м. Почайна - вул. Радунська",
              "network": "Київський автобус",
              "network:wikidata": "Q3399835",
              "operator": "Київпастранс",
              "operator:en": "Kyivpastrans",
              "operator:uk": "Київпастранс",
              "operator:wikidata": "Q12110155",
              "public_transport:version": "2",
              "ref": "101",
              "route": "bus",
              "to": "Вул.Радунська",
              "type": "route"
            }
          }
        ]
      },
      "geometry": {
        "type": "Point",
        "coordinates": [
          30.590602,
          50.4973709
        ]
      },
      "id": "node/442483786"
    },
    {
      "type": "Feature",
      "properties": {
        "@id": "node/749139303",
        "@relations": [
          {
            "role": "platform",
            "rel": 14591110,
            "reltags": {
              "colour": "purple",
              "from": "Ст.м.Почайна",
              "name": "Автобус 101: ст. м. Почайна - вул. Радунська",
              "name:uk": "Автобус 101: ст. м. Почайна - вул. Радунська",
              "network": "Київський автобус",
              "network:wikidata": "Q3399835",
              "operator": "Київпастранс",
              "operator:en": "Kyivpastrans",
              "operator:uk": "Київпастранс",
              "operator:wikidata": "Q12110155",
              "public_transport:version": "2",
              "ref": "101",
              "route": "bus",
              "to": "Вул.Радунська",
              "type": "route"
            }
          }
        ]
      },
      "geometry": {
        "type": "Point",
        "coordinates": [
          30.4998269,
          50.4887382
        ]
      },
      "id": "node/749139303"
    },
    {
      "type": "Feature",
      "properties": {
        "@id": "node/749139415",
        "@relations": [
          {
            "role": "platform_entry_only",
            "rel": 14594895,
            "reltags": {
              "colour": "brown",
              "from": "Вул.Радунська",
              "name": "Автобус 101: вул. Радунська - ст. м. Почайна",
              "name:uk": "Автобус 101: вул. Радунська - ст. м. Почайна",
              "network": "Київський автобус",
              "network:wikidata": "Q3399835",
              "operator": "Київпастранс",
              "operator:en": "Kyivpastrans",
              "operator:uk": "Київпастранс",
              "operator:wikidata": "Q12110155",
              "public_transport:version": "2",
              "ref": "101",
              "route": "bus",
              "to": "Ст.м.Почайна",
              "type": "route"
            }
          }
        ]
      },
      "geometry": {
        "type": "Point",
        "coordinates": [
          30.4974961,
          50.487482
        ]
      },
      "id": "node/749139415"
    },
    {
      "type": "Feature",
      "properties": {
        "@id": "node/750591487",
        "@relations": [
          {
            "role": "platform",
            "rel": 14594895,
            "reltags": {
              "colour": "brown",
              "from": "Вул.Радунська",
              "name": "Автобус 101: вул. Радунська - ст. м. Почайна",
              "name:uk": "Автобус 101: вул. Радунська - ст. м. Почайна",
              "network": "Київський автобус",
              "network:wikidata": "Q3399835",
              "operator": "Київпастранс",
              "operator:en": "Kyivpastrans",
              "operator:uk": "Київпастранс",
              "operator:wikidata": "Q12110155",
              "public_transport:version": "2",
              "ref": "101",
              "route": "bus",
              "to": "Ст.м.Почайна",
              "type": "route"
            }
          }
        ]
      },
      "geometry": {
        "type": "Point",
        "coordinates": [
          30.5237989,
          50.4883403
        ]
      },
      "id": "node/750591487"
    },
    {
      "type": "Feature",
      "properties": {
        "@id": "node/750592068",
        "@relations": [
          {
            "role": "platform",
            "rel": 14591110,
            "reltags": {
              "colour": "purple",
              "from": "Ст.м.Почайна",
              "name": "Автобус 101: ст. м. Почайна - вул. Радунська",
              "name:uk": "Автобус 101: ст. м. Почайна - вул. Радунська",
              "network": "Київський автобус",
              "network:wikidata": "Q3399835",
              "operator": "Київпастранс",
              "operator:en": "Kyivpastrans",
              "operator:uk": "Київпастранс",
              "operator:wikidata": "Q12110155",
              "public_transport:version": "2",
              "ref": "101",
              "route": "bus",
              "to": "Вул.Радунська",
              "type": "route"
            }
          }
        ]
      },
      "geometry": {
        "type": "Point",
        "coordinates": [
          30.5289048,
          50.4885017
        ]
      },
      "id": "node/750592068"
    },
    {
      "type": "Feature",
      "properties": {
        "@id": "node/824428742",
        "@relations": [
          {
            "role": "platform",
            "rel": 14594895,
            "reltags": {
              "colour": "brown",
              "from": "Вул.Радунська",
              "name": "Автобус 101: вул. Радунська - ст. м. Почайна",
              "name:uk": "Автобус 101: вул. Радунська - ст. м. Почайна",
              "network": "Київський автобус",
              "network:wikidata": "Q3399835",
              "operator": "Київпастранс",
              "operator:en": "Kyivpastrans",
              "operator:uk": "Київпастранс",
              "operator:wikidata": "Q12110155",
              "public_transport:version": "2",
              "ref": "101",
              "route": "bus",
              "to": "Ст.м.Почайна",
              "type": "route"
            }
          }
        ]
      },
      "geometry": {
        "type": "Point",
        "coordinates": [
          30.6280267,
          50.5237205
        ]
      },
      "id": "node/824428742"
    },
    {
      "type": "Feature",
      "properties": {
        "@id": "node/1151031850",
        "@relations": [
          {
            "role": "platform",
            "rel": 14594895,
            "reltags": {
              "colour": "brown",
              "from": "Вул.Радунська",
              "name": "Автобус 101: вул. Радунська - ст. м. Почайна",
              "name:uk": "Автобус 101: вул. Радунська - ст. м. Почайна",
              "network": "Київський автобус",
              "network:wikidata": "Q3399835",
              "operator": "Київпастранс",
              "operator:en": "Kyivpastrans",
              "operator:uk": "Київпастранс",
              "operator:wikidata": "Q12110155",
              "public_transport:version": "2",
              "ref": "101",
              "route": "bus",
              "to": "Ст.м.Почайна",
              "type": "route"
            }
          }
        ]
      },
      "geometry": {
        "type": "Point",
        "coordinates": [
          30.6281684,
          50.5256712
        ]
      },
      "id": "node/1151031850"
    },
    {
      "type": "Feature",
      "properties": {
        "@id": "node/1151031852",
        "@relations": [
          {
            "role": "platform",
            "rel": 14594895,
            "reltags": {
              "colour": "brown",
              "from": "Вул.Радунська",
              "name": "Автобус 101: вул. Радунська - ст. м. Почайна",
              "name:uk": "Автобус 101: вул. Радунська - ст. м. Почайна",
              "network": "Київський автобус",
              "network:wikidata": "Q3399835",
              "operator": "Київпастранс",
              "operator:en": "Kyivpastrans",
              "operator:uk": "Київпастранс",
              "operator:wikidata": "Q12110155",
              "public_transport:version": "2",
              "ref": "101",
              "route": "bus",
              "to": "Ст.м.Почайна",
              "type": "route"
            }
          }
        ]
      },
      "geometry": {
        "type": "Point",
        "coordinates": [
          30.6285475,
          50.5282254
        ]
      },
      "id": "node/1151031852"
    },
    {
      "type": "Feature",
      "properties": {
        "@id": "node/1502808738",
        "@relations": [
          {
            "role": "platform",
            "rel": 14594895,
            "reltags": {
              "colour": "brown",
              "from": "Вул.Радунська",
              "name": "Автобус 101: вул. Радунська - ст. м. Почайна",
              "name:uk": "Автобус 101: вул. Радунська - ст. м. Почайна",
              "network": "Київський автобус",
              "network:wikidata": "Q3399835",
              "operator": "Київпастранс",
              "operator:en": "Kyivpastrans",
              "operator:uk": "Київпастранс",
              "operator:wikidata": "Q12110155",
              "public_transport:version": "2",
              "ref": "101",
              "route": "bus",
              "to": "Ст.м.Почайна",
              "type": "route"
            }
          }
        ]
      },
      "geometry": {
        "type": "Point",
        "coordinates": [
          30.6103648,
          50.5007373
        ]
      },
      "id": "node/1502808738"
    },
    {
      "type": "Feature",
      "properties": {
        "@id": "node/1574183476",
        "@relations": [
          {
            "role": "platform_entry_only",
            "rel": 14594895,
            "reltags": {
              "colour": "brown",
              "from": "Вул.Радунська",
              "name": "Автобус 101: вул. Радунська - ст. м. Почайна",
              "name:uk": "Автобус 101: вул. Радунська - ст. м. Почайна",
              "network": "Київський автобус",
              "network:wikidata": "Q3399835",
              "operator": "Київпастранс",
              "operator:en": "Kyivpastrans",
              "operator:uk": "Київпастранс",
              "operator:wikidata": "Q12110155",
              "public_transport:version": "2",
              "ref": "101",
              "route": "bus",
              "to": "Ст.м.Почайна",
              "type": "route"
            }
          }
        ]
      },
      "geometry": {
        "type": "Point",
        "coordinates": [
          30.6004127,
          50.5329297
        ]
      },
      "id": "node/1574183476"
    },
    {
      "type": "Feature",
      "properties": {
        "@id": "node/1804121120",
        "@relations": [
          {
            "role": "platform",
            "rel": 14594895,
            "reltags": {
              "colour": "brown",
              "from": "Вул.Радунська",
              "name": "Автобус 101: вул. Радунська - ст. м. Почайна",
              "name:uk": "Автобус 101: вул. Радунська - ст. м. Почайна",
              "network": "Київський автобус",
              "network:wikidata": "Q3399835",
              "operator": "Київпастранс",
              "operator:en": "Kyivpastrans",
              "operator:uk": "Київпастранс",
              "operator:wikidata": "Q12110155",
              "public_transport:version": "2",
              "ref": "101",
              "route": "bus",
              "to": "Ст.м.Почайна",
              "type": "route"
            }
          }
        ]
      },
      "geometry": {
        "type": "Point",
        "coordinates": [
          30.605384,
          50.4984478
        ]
      },
      "id": "node/1804121120"
    },
    {
      "type": "Feature",
      "properties": {
        "@id": "node/1866166168",
        "@relations": [
          {
            "role": "stop",
            "rel": 14594895,
            "reltags": {
              "colour": "brown",
              "from": "Вул.Радунська",
              "name": "Автобус 101: вул. Радунська - ст. м. Почайна",
              "name:uk": "Автобус 101: вул. Радунська - ст. м. Почайна",
              "network": "Київський автобус",
              "network:wikidata": "Q3399835",
              "operator": "Київпастранс",
              "operator:en": "Kyivpastrans",
              "operator:uk": "Київпастранс",
              "operator:wikidata": "Q12110155",
              "public_transport:version": "2",
              "ref": "101",
              "route": "bus",
              "to": "Ст.м.Почайна",
              "type": "route"
            }
          }
        ]
      },
      "geometry": {
        "type": "Point",
        "coordinates": [
          30.5632128,
          50.4955442
        ]
      },
      "id": "node/1866166168"
    },
    {
      "type": "Feature",
      "properties": {
        "@id": "node/1866166172",
        "@relations": [
          {
            "role": "platform",
            "rel": 14594895,
            "reltags": {
              "colour": "brown",
              "from": "Вул.Радунська",
              "name": "Автобус 101: вул. Радунська - ст. м. Почайна",
              "name:uk": "Автобус 101: вул. Радунська - ст. м. Почайна",
              "network": "Київський автобус",
              "network:wikidata": "Q3399835",
              "operator": "Київпастранс",
              "operator:en": "Kyivpastrans",
              "operator:uk": "Київпастранс",
              "operator:wikidata": "Q12110155",
              "public_transport:version": "2",
              "ref": "101",
              "route": "bus",
              "to": "Ст.м.Почайна",
              "type": "route"
            }
          }
        ]
      },
      "geometry": {
        "type": "Point",
        "coordinates": [
          30.5631843,
          50.4956375
        ]
      },
      "id": "node/1866166172"
    },
    {
      "type": "Feature",
      "properties": {
        "@id": "node/2454354748",
        "@relations": [
          {
            "role": "platform",
            "rel": 14591110,
            "reltags": {
              "colour": "purple",
              "from": "Ст.м.Почайна",
              "name": "Автобус 101: ст. м. Почайна - вул. Радунська",
              "name:uk": "Автобус 101: ст. м. Почайна - вул. Радунська",
              "network": "Київський автобус",
              "network:wikidata": "Q3399835",
              "operator": "Київпастранс",
              "operator:en": "Kyivpastrans",
              "operator:uk": "Київпастранс",
              "operator:wikidata": "Q12110155",
              "public_transport:version": "2",
              "ref": "101",
              "route": "bus",
              "to": "Вул.Радунська",
              "type": "route"
            }
          }
        ]
      },
      "geometry": {
        "type": "Point",
        "coordinates": [
          30.6281069,
          50.5290421
        ]
      },
      "id": "node/2454354748"
    },
    {
      "type": "Feature",
      "properties": {
        "@id": "node/2475064313",
        "@relations": [
          {
            "role": "platform",
            "rel": 14594895,
            "reltags": {
              "colour": "brown",
              "from": "Вул.Радунська",
              "name": "Автобус 101: вул. Радунська - ст. м. Почайна",
              "name:uk": "Автобус 101: вул. Радунська - ст. м. Почайна",
              "network": "Київський автобус",
              "network:wikidata": "Q3399835",
              "operator": "Київпастранс",
              "operator:en": "Kyivpastrans",
              "operator:uk": "Київпастранс",
              "operator:wikidata": "Q12110155",
              "public_transport:version": "2",
              "ref": "101",
              "route": "bus",
              "to": "Ст.м.Почайна",
              "type": "route"
            }
          }
        ]
      },
      "geometry": {
        "type": "Point",
        "coordinates": [
          30.6264098,
          50.5171587
        ]
      },
      "id": "node/2475064313"
    },
    {
      "type": "Feature",
      "properties": {
        "@id": "node/2475064316",
        "@relations": [
          {
            "role": "platform",
            "rel": 14591110,
            "reltags": {
              "colour": "purple",
              "from": "Ст.м.Почайна",
              "name": "Автобус 101: ст. м. Почайна - вул. Радунська",
              "name:uk": "Автобус 101: ст. м. Почайна - вул. Радунська",
              "network": "Київський автобус",
              "network:wikidata": "Q3399835",
              "operator": "Київпастранс",
              "operator:en": "Kyivpastrans",
              "operator:uk": "Київпастранс",
              "operator:wikidata": "Q12110155",
              "public_transport:version": "2",
              "ref": "101",
              "route": "bus",
              "to": "Вул.Радунська",
              "type": "route"
            }
          }
        ]
      },
      "geometry": {
        "type": "Point",
        "coordinates": [
          30.6268389,
          50.5177363
        ]
      },
      "id": "node/2475064316"
    },
    {
      "type": "Feature",
      "properties": {
        "@id": "node/2475064318",
        "@relations": [
          {
            "role": "platform",
            "rel": 14591110,
            "reltags": {
              "colour": "purple",
              "from": "Ст.м.Почайна",
              "name": "Автобус 101: ст. м. Почайна - вул. Радунська",
              "name:uk": "Автобус 101: ст. м. Почайна - вул. Радунська",
              "network": "Київський автобус",
              "network:wikidata": "Q3399835",
              "operator": "Київпастранс",
              "operator:en": "Kyivpastrans",
              "operator:uk": "Київпастранс",
              "operator:wikidata": "Q12110155",
              "public_transport:version": "2",
              "ref": "101",
              "route": "bus",
              "to": "Вул.Радунська",
              "type": "route"
            }
          }
        ]
      },
      "geometry": {
        "type": "Point",
        "coordinates": [
          30.6279005,
          50.5213764
        ]
      },
      "id": "node/2475064318"
    },
    {
      "type": "Feature",
      "properties": {
        "@id": "node/2475064321",
        "@relations": [
          {
            "role": "stop",
            "rel": 14594895,
            "reltags": {
              "colour": "brown",
              "from": "Вул.Радунська",
              "name": "Автобус 101: вул. Радунська - ст. м. Почайна",
              "name:uk": "Автобус 101: вул. Радунська - ст. м. Почайна",
              "network": "Київський автобус",
              "network:wikidata": "Q3399835",
              "operator": "Київпастранс",
              "operator:en": "Kyivpastrans",
              "operator:uk": "Київпастранс",
              "operator:wikidata": "Q12110155",
              "public_transport:version": "2",
              "ref": "101",
              "route": "bus",
              "to": "Ст.м.Почайна",
              "type": "route"
            }
          }
        ]
      },
      "geometry": {
        "type": "Point",
        "coordinates": [
          30.6277583,
          50.5210292
        ]
      },
      "id": "node/2475064321"
    },
    {
      "type": "Feature",
      "properties": {
        "@id": "node/2475064324",
        "@relations": [
          {
            "role": "platform",
            "rel": 14594895,
            "reltags": {
              "colour": "brown",
              "from": "Вул.Радунська",
              "name": "Автобус 101: вул. Радунська - ст. м. Почайна",
              "name:uk": "Автобус 101: вул. Радунська - ст. м. Почайна",
              "network": "Київський автобус",
              "network:wikidata": "Q3399835",
              "operator": "Київпастранс",
              "operator:en": "Kyivpastrans",
              "operator:uk": "Київпастранс",
              "operator:wikidata": "Q12110155",
              "public_transport:version": "2",
              "ref": "101",
              "route": "bus",
              "to": "Ст.м.Почайна",
              "type": "route"
            }
          }
        ]
      },
      "geometry": {
        "type": "Point",
        "coordinates": [
          30.6249561,
          50.5144843
        ]
      },
      "id": "node/2475064324"
    },
    {
      "type": "Feature",
      "properties": {
        "@id": "node/2475064329",
        "@relations": [
          {
            "role": "platform",
            "rel": 14594895,
            "reltags": {
              "colour": "brown",
              "from": "Вул.Радунська",
              "name": "Автобус 101: вул. Радунська - ст. м. Почайна",
              "name:uk": "Автобус 101: вул. Радунська - ст. м. Почайна",
              "network": "Київський автобус",
              "network:wikidata": "Q3399835",
              "operator": "Київпастранс",
              "operator:en": "Kyivpastrans",
              "operator:uk": "Київпастранс",
              "operator:wikidata": "Q12110155",
              "public_transport:version": "2",
              "ref": "101",
              "route": "bus",
              "to": "Ст.м.Почайна",
              "type": "route"
            }
          }
        ]
      },
      "geometry": {
        "type": "Point",
        "coordinates": [
          30.6233253,
          50.5123251
        ]
      },
      "id": "node/2475064329"
    },
    {
      "type": "Feature",
      "properties": {
        "@id": "node/2475064333",
        "@relations": [
          {
            "role": "platform",
            "rel": 14594895,
            "reltags": {
              "colour": "brown",
              "from": "Вул.Радунська",
              "name": "Автобус 101: вул. Радунська - ст. м. Почайна",
              "name:uk": "Автобус 101: вул. Радунська - ст. м. Почайна",
              "network": "Київський автобус",
              "network:wikidata": "Q3399835",
              "operator": "Київпастранс",
              "operator:en": "Kyivpastrans",
              "operator:uk": "Київпастранс",
              "operator:wikidata": "Q12110155",
              "public_transport:version": "2",
              "ref": "101",
              "route": "bus",
              "to": "Ст.м.Почайна",
              "type": "route"
            }
          }
        ]
      },
      "geometry": {
        "type": "Point",
        "coordinates": [
          30.627689,
          50.5210431
        ]
      },
      "id": "node/2475064333"
    },
    {
      "type": "Feature",
      "properties": {
        "@id": "node/2475064336",
        "@relations": [
          {
            "role": "platform",
            "rel": 14594895,
            "reltags": {
              "colour": "brown",
              "from": "Вул.Радунська",
              "name": "Автобус 101: вул. Радунська - ст. м. Почайна",
              "name:uk": "Автобус 101: вул. Радунська - ст. м. Почайна",
              "network": "Київський автобус",
              "network:wikidata": "Q3399835",
              "operator": "Київпастранс",
              "operator:en": "Kyivpastrans",
              "operator:uk": "Київпастранс",
              "operator:wikidata": "Q12110155",
              "public_transport:version": "2",
              "ref": "101",
              "route": "bus",
              "to": "Ст.м.Почайна",
              "type": "route"
            }
          }
        ]
      },
      "geometry": {
        "type": "Point",
        "coordinates": [
          30.6271984,
          50.5193722
        ]
      },
      "id": "node/2475064336"
    },
    {
      "type": "Feature",
      "properties": {
        "@id": "node/2475106369",
        "@relations": [
          {
            "role": "platform",
            "rel": 14591110,
            "reltags": {
              "colour": "purple",
              "from": "Ст.м.Почайна",
              "name": "Автобус 101: ст. м. Почайна - вул. Радунська",
              "name:uk": "Автобус 101: ст. м. Почайна - вул. Радунська",
              "network": "Київський автобус",
              "network:wikidata": "Q3399835",
              "operator": "Київпастранс",
              "operator:en": "Kyivpastrans",
              "operator:uk": "Київпастранс",
              "operator:wikidata": "Q12110155",
              "public_transport:version": "2",
              "ref": "101",
              "route": "bus",
              "to": "Вул.Радунська",
              "type": "route"
            }
          }
        ]
      },
      "geometry": {
        "type": "Point",
        "coordinates": [
          30.6215267,
          50.5101037
        ]
      },
      "id": "node/2475106369"
    },
    {
      "type": "Feature",
      "properties": {
        "@id": "node/2475106370",
        "@relations": [
          {
            "role": "platform",
            "rel": 14591110,
            "reltags": {
              "colour": "purple",
              "from": "Ст.м.Почайна",
              "name": "Автобус 101: ст. м. Почайна - вул. Радунська",
              "name:uk": "Автобус 101: ст. м. Почайна - вул. Радунська",
              "network": "Київський автобус",
              "network:wikidata": "Q3399835",
              "operator": "Київпастранс",
              "operator:en": "Kyivpastrans",
              "operator:uk": "Київпастранс",
              "operator:wikidata": "Q12110155",
              "public_transport:version": "2",
              "ref": "101",
              "route": "bus",
              "to": "Вул.Радунська",
              "type": "route"
            }
          }
        ]
      },
      "geometry": {
        "type": "Point",
        "coordinates": [
          30.5745863,
          50.4953435
        ]
      },
      "id": "node/2475106370"
    },
    {
      "type": "Feature",
      "properties": {
        "@id": "node/2475106371",
        "@relations": [
          {
            "role": "platform",
            "rel": 14591110,
            "reltags": {
              "colour": "purple",
              "from": "Ст.м.Почайна",
              "name": "Автобус 101: ст. м. Почайна - вул. Радунська",
              "name:uk": "Автобус 101: ст. м. Почайна - вул. Радунська",
              "network": "Київський автобус",
              "network:wikidata": "Q3399835",
              "operator": "Київпастранс",
              "operator:en": "Kyivpastrans",
              "operator:uk": "Київпастранс",
              "operator:wikidata": "Q12110155",
              "public_transport:version": "2",
              "ref": "101",
              "route": "bus",
              "to": "Вул.Радунська",
              "type": "route"
            }
          }
        ]
      },
      "geometry": {
        "type": "Point",
        "coordinates": [
          30.619074,
          50.507627
        ]
      },
      "id": "node/2475106371"
    },
    {
      "type": "Feature",
      "properties": {
        "@id": "node/2475106372",
        "@relations": [
          {
            "role": "platform",
            "rel": 14594895,
            "reltags": {
              "colour": "brown",
              "from": "Вул.Радунська",
              "name": "Автобус 101: вул. Радунська - ст. м. Почайна",
              "name:uk": "Автобус 101: вул. Радунська - ст. м. Почайна",
              "network": "Київський автобус",
              "network:wikidata": "Q3399835",
              "operator": "Київпастранс",
              "operator:en": "Kyivpastrans",
              "operator:uk": "Київпастранс",
              "operator:wikidata": "Q12110155",
              "public_transport:version": "2",
              "ref": "101",
              "route": "bus",
              "to": "Ст.м.Почайна",
              "type": "route"
            }
          }
        ]
      },
      "geometry": {
        "type": "Point",
        "coordinates": [
          30.618449,
          50.5072591
        ]
      },
      "id": "node/2475106372"
    },
    {
      "type": "Feature",
      "properties": {
        "@id": "node/2475106373",
        "@relations": [
          {
            "role": "platform",
            "rel": 14591110,
            "reltags": {
              "colour": "purple",
              "from": "Ст.м.Почайна",
              "name": "Автобус 101: ст. м. Почайна - вул. Радунська",
              "name:uk": "Автобус 101: ст. м. Почайна - вул. Радунська",
              "network": "Київський автобус",
              "network:wikidata": "Q3399835",
              "operator": "Київпастранс",
              "operator:en": "Kyivpastrans",
              "operator:uk": "Київпастранс",
              "operator:wikidata": "Q12110155",
              "public_transport:version": "2",
              "ref": "101",
              "route": "bus",
              "to": "Вул.Радунська",
              "type": "route"
            }
          }
        ]
      },
      "geometry": {
        "type": "Point",
        "coordinates": [
          30.5960681,
          50.4973811
        ]
      },
      "id": "node/2475106373"
    },
    {
      "type": "Feature",
      "properties": {
        "@id": "node/2475106374",
        "@relations": [
          {
            "role": "platform",
            "rel": 14591110,
            "reltags": {
              "colour": "purple",
              "from": "Ст.м.Почайна",
              "name": "Автобус 101: ст. м. Почайна - вул. Радунська",
              "name:uk": "Автобус 101: ст. м. Почайна - вул. Радунська",
              "network": "Київський автобус",
              "network:wikidata": "Q3399835",
              "operator": "Київпастранс",
              "operator:en": "Kyivpastrans",
              "operator:uk": "Київпастранс",
              "operator:wikidata": "Q12110155",
              "public_transport:version": "2",
              "ref": "101",
              "route": "bus",
              "to": "Вул.Радунська",
              "type": "route"
            }
          }
        ]
      },
      "geometry": {
        "type": "Point",
        "coordinates": [
          30.5619049,
          50.4952924
        ]
      },
      "id": "node/2475106374"
    },
    {
      "type": "Feature",
      "properties": {
        "@id": "node/2475106375",
        "@relations": [
          {
            "role": "platform",
            "rel": 14591110,
            "reltags": {
              "colour": "purple",
              "from": "Ст.м.Почайна",
              "name": "Автобус 101: ст. м. Почайна - вул. Радунська",
              "name:uk": "Автобус 101: ст. м. Почайна - вул. Радунська",
              "network": "Київський автобус",
              "network:wikidata": "Q3399835",
              "operator": "Київпастранс",
              "operator:en": "Kyivpastrans",
              "operator:uk": "Київпастранс",
              "operator:wikidata": "Q12110155",
              "public_transport:version": "2",
              "ref": "101",
              "route": "bus",
              "to": "Вул.Радунська",
              "type": "route"
            }
          }
        ]
      },
      "geometry": {
        "type": "Point",
        "coordinates": [
          30.6001078,
          50.4973744
        ]
      },
      "id": "node/2475106375"
    },
    {
      "type": "Feature",
      "properties": {
        "@id": "node/2475106378",
        "@relations": [
          {
            "role": "platform",
            "rel": 14594895,
            "reltags": {
              "colour": "brown",
              "from": "Вул.Радунська",
              "name": "Автобус 101: вул. Радунська - ст. м. Почайна",
              "name:uk": "Автобус 101: вул. Радунська - ст. м. Почайна",
              "network": "Київський автобус",
              "network:wikidata": "Q3399835",
              "operator": "Київпастранс",
              "operator:en": "Kyivpastrans",
              "operator:uk": "Київпастранс",
              "operator:wikidata": "Q12110155",
              "public_transport:version": "2",
              "ref": "101",
              "route": "bus",
              "to": "Ст.м.Почайна",
              "type": "route"
            }
          }
        ]
      },
      "geometry": {
        "type": "Point",
        "coordinates": [
          30.5995067,
          50.4975212
        ]
      },
      "id": "node/2475106378"
    },
    {
      "type": "Feature",
      "properties": {
        "@id": "node/2475106379",
        "@relations": [
          {
            "role": "platform",
            "rel": 14591110,
            "reltags": {
              "colour": "purple",
              "from": "Ст.м.Почайна",
              "name": "Автобус 101: ст. м. Почайна - вул. Радунська",
              "name:uk": "Автобус 101: ст. м. Почайна - вул. Радунська",
              "network": "Київський автобус",
              "network:wikidata": "Q3399835",
              "operator": "Київпастранс",
              "operator:en": "Kyivpastrans",
              "operator:uk": "Київпастранс",
              "operator:wikidata": "Q12110155",
              "public_transport:version": "2",
              "ref": "101",
              "route": "bus",
              "to": "Вул.Радунська",
              "type": "route"
            }
          }
        ]
      },
      "geometry": {
        "type": "Point",
        "coordinates": [
          30.6153961,
          50.5039599
        ]
      },
      "id": "node/2475106379"
    },
    {
      "type": "Feature",
      "properties": {
        "@id": "node/2475106380",
        "@relations": [
          {
            "role": "platform",
            "rel": 14594895,
            "reltags": {
              "colour": "brown",
              "from": "Вул.Радунська",
              "name": "Автобус 101: вул. Радунська - ст. м. Почайна",
              "name:uk": "Автобус 101: вул. Радунська - ст. м. Почайна",
              "network": "Київський автобус",
              "network:wikidata": "Q3399835",
              "operator": "Київпастранс",
              "operator:en": "Kyivpastrans",
              "operator:uk": "Київпастранс",
              "operator:wikidata": "Q12110155",
              "public_transport:version": "2",
              "ref": "101",
              "route": "bus",
              "to": "Ст.м.Почайна",
              "type": "route"
            }
          }
        ]
      },
      "geometry": {
        "type": "Point",
        "coordinates": [
          30.614916,
          50.5037751
        ]
      },
      "id": "node/2475106380"
    },
    {
      "type": "Feature",
      "properties": {
        "@id": "node/2475106382",
        "@relations": [
          {
            "role": "platform",
            "rel": 14594895,
            "reltags": {
              "colour": "brown",
              "from": "Вул.Радунська",
              "name": "Автобус 101: вул. Радунська - ст. м. Почайна",
              "name:uk": "Автобус 101: вул. Радунська - ст. м. Почайна",
              "network": "Київський автобус",
              "network:wikidata": "Q3399835",
              "operator": "Київпастранс",
              "operator:en": "Kyivpastrans",
              "operator:uk": "Київпастранс",
              "operator:wikidata": "Q12110155",
              "public_transport:version": "2",
              "ref": "101",
              "route": "bus",
              "to": "Ст.м.Почайна",
              "type": "route"
            }
          }
        ]
      },
      "geometry": {
        "type": "Point",
        "coordinates": [
          30.6205257,
          50.5093809
        ]
      },
      "id": "node/2475106382"
    },
    {
      "type": "Feature",
      "properties": {
        "@id": "node/2475106384",
        "@relations": [
          {
            "role": "platform",
            "rel": 14591110,
            "reltags": {
              "colour": "purple",
              "from": "Ст.м.Почайна",
              "name": "Автобус 101: ст. м. Почайна - вул. Радунська",
              "name:uk": "Автобус 101: ст. м. Почайна - вул. Радунська",
              "network": "Київський автобус",
              "network:wikidata": "Q3399835",
              "operator": "Київпастранс",
              "operator:en": "Kyivpastrans",
              "operator:uk": "Київпастранс",
              "operator:wikidata": "Q12110155",
              "public_transport:version": "2",
              "ref": "101",
              "route": "bus",
              "to": "Вул.Радунська",
              "type": "route"
            }
          }
        ]
      },
      "geometry": {
        "type": "Point",
        "coordinates": [
          30.6108605,
          50.5007998
        ]
      },
      "id": "node/2475106384"
    },
    {
      "type": "Feature",
      "properties": {
        "@id": "node/2475106387",
        "@relations": [
          {
            "role": "platform",
            "rel": 14591110,
            "reltags": {
              "colour": "purple",
              "from": "Ст.м.Почайна",
              "name": "Автобус 101: ст. м. Почайна - вул. Радунська",
              "name:uk": "Автобус 101: ст. м. Почайна - вул. Радунська",
              "network": "Київський автобус",
              "network:wikidata": "Q3399835",
              "operator": "Київпастранс",
              "operator:en": "Kyivpastrans",
              "operator:uk": "Київпастранс",
              "operator:wikidata": "Q12110155",
              "public_transport:version": "2",
              "ref": "101",
              "route": "bus",
              "to": "Вул.Радунська",
              "type": "route"
            }
          }
        ]
      },
      "geometry": {
        "type": "Point",
        "coordinates": [
          30.5201647,
          50.488118
        ]
      },
      "id": "node/2475106387"
    },
    {
      "type": "Feature",
      "properties": {
        "@id": "node/2475106390",
        "@relations": [
          {
            "role": "platform",
            "rel": 14591110,
            "reltags": {
              "colour": "purple",
              "from": "Ст.м.Почайна",
              "name": "Автобус 101: ст. м. Почайна - вул. Радунська",
              "name:uk": "Автобус 101: ст. м. Почайна - вул. Радунська",
              "network": "Київський автобус",
              "network:wikidata": "Q3399835",
              "operator": "Київпастранс",
              "operator:en": "Kyivpastrans",
              "operator:uk": "Київпастранс",
              "operator:wikidata": "Q12110155",
              "public_transport:version": "2",
              "ref": "101",
              "route": "bus",
              "to": "Вул.Радунська",
              "type": "route"
            }
          }
        ]
      },
      "geometry": {
        "type": "Point",
        "coordinates": [
          30.6072477,
          50.4991042
        ]
      },
      "id": "node/2475106390"
    },
    {
      "type": "Feature",
      "properties": {
        "@id": "node/2475106395",
        "@relations": [
          {
            "role": "platform",
            "rel": 14594895,
            "reltags": {
              "colour": "brown",
              "from": "Вул.Радунська",
              "name": "Автобус 101: вул. Радунська - ст. м. Почайна",
              "name:uk": "Автобус 101: вул. Радунська - ст. м. Почайна",
              "network": "Київський автобус",
              "network:wikidata": "Q3399835",
              "operator": "Київпастранс",
              "operator:en": "Kyivpastrans",
              "operator:uk": "Київпастранс",
              "operator:wikidata": "Q12110155",
              "public_transport:version": "2",
              "ref": "101",
              "route": "bus",
              "to": "Ст.м.Почайна",
              "type": "route"
            }
          }
        ]
      },
      "geometry": {
        "type": "Point",
        "coordinates": [
          30.5954834,
          50.4975415
        ]
      },
      "id": "node/2475106395"
    },
    {
      "type": "Feature",
      "properties": {
        "@id": "node/2475106399",
        "@relations": [
          {
            "role": "platform",
            "rel": 14591110,
            "reltags": {
              "colour": "purple",
              "from": "Ст.м.Почайна",
              "name": "Автобус 101: ст. м. Почайна - вул. Радунська",
              "name:uk": "Автобус 101: ст. м. Почайна - вул. Радунська",
              "network": "Київський автобус",
              "network:wikidata": "Q3399835",
              "operator": "Київпастранс",
              "operator:en": "Kyivpastrans",
              "operator:uk": "Київпастранс",
              "operator:wikidata": "Q12110155",
              "public_transport:version": "2",
              "ref": "101",
              "route": "bus",
              "to": "Вул.Радунська",
              "type": "route"
            }
          }
        ]
      },
      "geometry": {
        "type": "Point",
        "coordinates": [
          30.6239138,
          50.5126798
        ]
      },
      "id": "node/2475106399"
    },
    {
      "type": "Feature",
      "properties": {
        "@id": "node/2475106405",
        "@relations": [
          {
            "role": "platform",
            "rel": 14594895,
            "reltags": {
              "colour": "brown",
              "from": "Вул.Радунська",
              "name": "Автобус 101: вул. Радунська - ст. м. Почайна",
              "name:uk": "Автобус 101: вул. Радунська - ст. м. Почайна",
              "network": "Київський автобус",
              "network:wikidata": "Q3399835",
              "operator": "Київпастранс",
              "operator:en": "Kyivpastrans",
              "operator:uk": "Київпастранс",
              "operator:wikidata": "Q12110155",
              "public_transport:version": "2",
              "ref": "101",
              "route": "bus",
              "to": "Ст.м.Почайна",
              "type": "route"
            }
          }
        ]
      },
      "geometry": {
        "type": "Point",
        "coordinates": [
          30.5910846,
          50.4975519
        ]
      },
      "id": "node/2475106405"
    },
    {
      "type": "Feature",
      "properties": {
        "@id": "node/2477214515",
        "@relations": [
          {
            "role": "platform",
            "rel": 14591110,
            "reltags": {
              "colour": "purple",
              "from": "Ст.м.Почайна",
              "name": "Автобус 101: ст. м. Почайна - вул. Радунська",
              "name:uk": "Автобус 101: ст. м. Почайна - вул. Радунська",
              "network": "Київський автобус",
              "network:wikidata": "Q3399835",
              "operator": "Київпастранс",
              "operator:en": "Kyivpastrans",
              "operator:uk": "Київпастранс",
              "operator:wikidata": "Q12110155",
              "public_transport:version": "2",
              "ref": "101",
              "route": "bus",
              "to": "Вул.Радунська",
              "type": "route"
            }
          }
        ]
      },
      "geometry": {
        "type": "Point",
        "coordinates": [
          30.6284091,
          50.525848
        ]
      },
      "id": "node/2477214515"
    },
    {
      "type": "Feature",
      "properties": {
        "@id": "node/2513644749",
        "@relations": [
          {
            "role": "platform_entry_only",
            "rel": 14591110,
            "reltags": {
              "colour": "purple",
              "from": "Ст.м.Почайна",
              "name": "Автобус 101: ст. м. Почайна - вул. Радунська",
              "name:uk": "Автобус 101: ст. м. Почайна - вул. Радунська",
              "network": "Київський автобус",
              "network:wikidata": "Q3399835",
              "operator": "Київпастранс",
              "operator:en": "Kyivpastrans",
              "operator:uk": "Київпастранс",
              "operator:wikidata": "Q12110155",
              "public_transport:version": "2",
              "ref": "101",
              "route": "bus",
              "to": "Вул.Радунська",
              "type": "route"
            }
          }
        ]
      },
      "geometry": {
        "type": "Point",
        "coordinates": [
          30.498145,
          50.48812
        ]
      },
      "id": "node/2513644749"
    },
    {
      "type": "Feature",
      "properties": {
        "@id": "node/3901062719",
        "@relations": [
          {
            "role": "platform",
            "rel": 14591110,
            "reltags": {
              "colour": "purple",
              "from": "Ст.м.Почайна",
              "name": "Автобус 101: ст. м. Почайна - вул. Радунська",
              "name:uk": "Автобус 101: ст. м. Почайна - вул. Радунська",
              "network": "Київський автобус",
              "network:wikidata": "Q3399835",
              "operator": "Київпастранс",
              "operator:en": "Kyivpastrans",
              "operator:uk": "Київпастранс",
              "operator:wikidata": "Q12110155",
              "public_transport:version": "2",
              "ref": "101",
              "route": "bus",
              "to": "Вул.Радунська",
              "type": "route"
            }
          }
        ]
      },
      "geometry": {
        "type": "Point",
        "coordinates": [
          30.5822781,
          50.4952493
        ]
      },
      "id": "node/3901062719"
    },
    {
      "type": "Feature",
      "properties": {
        "@id": "node/3954179666",
        "@relations": [
          {
            "role": "platform",
            "rel": 14594895,
            "reltags": {
              "colour": "brown",
              "from": "Вул.Радунська",
              "name": "Автобус 101: вул. Радунська - ст. м. Почайна",
              "name:uk": "Автобус 101: вул. Радунська - ст. м. Почайна",
              "network": "Київський автобус",
              "network:wikidata": "Q3399835",
              "operator": "Київпастранс",
              "operator:en": "Kyivpastrans",
              "operator:uk": "Київпастранс",
              "operator:wikidata": "Q12110155",
              "public_transport:version": "2",
              "ref": "101",
              "route": "bus",
              "to": "Ст.м.Почайна",
              "type": "route"
            }
          }
        ]
      },
      "geometry": {
        "type": "Point",
        "coordinates": [
          30.6239196,
          50.5289994
        ]
      },
      "id": "node/3954179666"
    },
    {
      "type": "Feature",
      "properties": {
        "@id": "node/10031388882",
        "@relations": [
          {
            "role": "stop_entry_only",
            "rel": 14591110,
            "reltags": {
              "colour": "purple",
              "from": "Ст.м.Почайна",
              "name": "Автобус 101: ст. м. Почайна - вул. Радунська",
              "name:uk": "Автобус 101: ст. м. Почайна - вул. Радунська",
              "network": "Київський автобус",
              "network:wikidata": "Q3399835",
              "operator": "Київпастранс",
              "operator:en": "Kyivpastrans",
              "operator:uk": "Київпастранс",
              "operator:wikidata": "Q12110155",
              "public_transport:version": "2",
              "ref": "101",
              "route": "bus",
              "to": "Вул.Радунська",
              "type": "route"
            }
          }
        ]
      },
      "geometry": {
        "type": "Point",
        "coordinates": [
          30.4981156,
          50.4881192
        ]
      },
      "id": "node/10031388882"
    },
    {
      "type": "Feature",
      "properties": {
        "@id": "node/6377660533",
        "@relations": [
          {
            "role": "stop",
            "rel": 14591110,
            "reltags": {
              "colour": "purple",
              "from": "Ст.м.Почайна",
              "name": "Автобус 101: ст. м. Почайна - вул. Радунська",
              "name:uk": "Автобус 101: ст. м. Почайна - вул. Радунська",
              "network": "Київський автобус",
              "network:wikidata": "Q3399835",
              "operator": "Київпастранс",
              "operator:en": "Kyivpastrans",
              "operator:uk": "Київпастранс",
              "operator:wikidata": "Q12110155",
              "public_transport:version": "2",
              "ref": "101",
              "route": "bus",
              "to": "Вул.Радунська",
              "type": "route"
            }
          }
        ]
      },
      "geometry": {
        "type": "Point",
        "coordinates": [
          30.4999,
          50.4888597
        ]
      },
      "id": "node/6377660533"
    },
    {
      "type": "Feature",
      "properties": {
        "@id": "node/6377660532",
        "@relations": [
          {
            "role": "stop",
            "rel": 14591110,
            "reltags": {
              "colour": "purple",
              "from": "Ст.м.Почайна",
              "name": "Автобус 101: ст. м. Почайна - вул. Радунська",
              "name:uk": "Автобус 101: ст. м. Почайна - вул. Радунська",
              "network": "Київський автобус",
              "network:wikidata": "Q3399835",
              "operator": "Київпастранс",
              "operator:en": "Kyivpastrans",
              "operator:uk": "Київпастранс",
              "operator:wikidata": "Q12110155",
              "public_transport:version": "2",
              "ref": "101",
              "route": "bus",
              "to": "Вул.Радунська",
              "type": "route"
            }
          }
        ]
      },
      "geometry": {
        "type": "Point",
        "coordinates": [
          30.5080504,
          50.4887271
        ]
      },
      "id": "node/6377660532"
    },
    {
      "type": "Feature",
      "properties": {
        "@id": "node/6377660530",
        "@relations": [
          {
            "role": "stop",
            "rel": 14591110,
            "reltags": {
              "colour": "purple",
              "from": "Ст.м.Почайна",
              "name": "Автобус 101: ст. м. Почайна - вул. Радунська",
              "name:uk": "Автобус 101: ст. м. Почайна - вул. Радунська",
              "network": "Київський автобус",
              "network:wikidata": "Q3399835",
              "operator": "Київпастранс",
              "operator:en": "Kyivpastrans",
              "operator:uk": "Київпастранс",
              "operator:wikidata": "Q12110155",
              "public_transport:version": "2",
              "ref": "101",
              "route": "bus",
              "to": "Вул.Радунська",
              "type": "route"
            }
          }
        ]
      },
      "geometry": {
        "type": "Point",
        "coordinates": [
          30.5122225,
          50.4885499
        ]
      },
      "id": "node/6377660530"
    },
    {
      "type": "Feature",
      "properties": {
        "@id": "node/4871394821",
        "@relations": [
          {
            "role": "platform",
            "rel": 14591110,
            "reltags": {
              "colour": "purple",
              "from": "Ст.м.Почайна",
              "name": "Автобус 101: ст. м. Почайна - вул. Радунська",
              "name:uk": "Автобус 101: ст. м. Почайна - вул. Радунська",
              "network": "Київський автобус",
              "network:wikidata": "Q3399835",
              "operator": "Київпастранс",
              "operator:en": "Kyivpastrans",
              "operator:uk": "Київпастранс",
              "operator:wikidata": "Q12110155",
              "public_transport:version": "2",
              "ref": "101",
              "route": "bus",
              "to": "Вул.Радунська",
              "type": "route"
            }
          }
        ]
      },
      "geometry": {
        "type": "Point",
        "coordinates": [
          30.5122242,
          50.4884469
        ]
      },
      "id": "node/4871394821"
    },
    {
      "type": "Feature",
      "properties": {
        "@id": "node/6377660529",
        "@relations": [
          {
            "role": "stop",
            "rel": 14591110,
            "reltags": {
              "colour": "purple",
              "from": "Ст.м.Почайна",
              "name": "Автобус 101: ст. м. Почайна - вул. Радунська",
              "name:uk": "Автобус 101: ст. м. Почайна - вул. Радунська",
              "network": "Київський автобус",
              "network:wikidata": "Q3399835",
              "operator": "Київпастранс",
              "operator:en": "Kyivpastrans",
              "operator:uk": "Київпастранс",
              "operator:wikidata": "Q12110155",
              "public_transport:version": "2",
              "ref": "101",
              "route": "bus",
              "to": "Вул.Радунська",
              "type": "route"
            }
          }
        ]
      },
      "geometry": {
        "type": "Point",
        "coordinates": [
          30.5201703,
          50.4882331
        ]
      },
      "id": "node/6377660529"
    },
    {
      "type": "Feature",
      "properties": {
        "@id": "node/6377660528",
        "@relations": [
          {
            "role": "stop",
            "rel": 14591110,
            "reltags": {
              "colour": "purple",
              "from": "Ст.м.Почайна",
              "name": "Автобус 101: ст. м. Почайна - вул. Радунська",
              "name:uk": "Автобус 101: ст. м. Почайна - вул. Радунська",
              "network": "Київський автобус",
              "network:wikidata": "Q3399835",
              "operator": "Київпастранс",
              "operator:en": "Kyivpastrans",
              "operator:uk": "Київпастранс",
              "operator:wikidata": "Q12110155",
              "public_transport:version": "2",
              "ref": "101",
              "route": "bus",
              "to": "Вул.Радунська",
              "type": "route"
            }
          }
        ]
      },
      "geometry": {
        "type": "Point",
        "coordinates": [
          30.5441709,
          50.4930777
        ]
      },
      "id": "node/6377660528"
    },
    {
      "type": "Feature",
      "properties": {
        "@id": "node/6377660526",
        "@relations": [
          {
            "role": "stop",
            "rel": 14591110,
            "reltags": {
              "colour": "purple",
              "from": "Ст.м.Почайна",
              "name": "Автобус 101: ст. м. Почайна - вул. Радунська",
              "name:uk": "Автобус 101: ст. м. Почайна - вул. Радунська",
              "network": "Київський автобус",
              "network:wikidata": "Q3399835",
              "operator": "Київпастранс",
              "operator:en": "Kyivpastrans",
              "operator:uk": "Київпастранс",
              "operator:wikidata": "Q12110155",
              "public_transport:version": "2",
              "ref": "101",
              "route": "bus",
              "to": "Вул.Радунська",
              "type": "route"
            }
          }
        ]
      },
      "geometry": {
        "type": "Point",
        "coordinates": [
          30.5618158,
          50.4953707
        ]
      },
      "id": "node/6377660526"
    },
    {
      "type": "Feature",
      "properties": {
        "@id": "node/6377660525",
        "@relations": [
          {
            "role": "stop",
            "rel": 14591110,
            "reltags": {
              "colour": "purple",
              "from": "Ст.м.Почайна",
              "name": "Автобус 101: ст. м. Почайна - вул. Радунська",
              "name:uk": "Автобус 101: ст. м. Почайна - вул. Радунська",
              "network": "Київський автобус",
              "network:wikidata": "Q3399835",
              "operator": "Київпастранс",
              "operator:en": "Kyivpastrans",
              "operator:uk": "Київпастранс",
              "operator:wikidata": "Q12110155",
              "public_transport:version": "2",
              "ref": "101",
              "route": "bus",
              "to": "Вул.Радунська",
              "type": "route"
            }
          }
        ]
      },
      "geometry": {
        "type": "Point",
        "coordinates": [
          30.5745891,
          50.495425
        ]
      },
      "id": "node/6377660525"
    },
    {
      "type": "Feature",
      "properties": {
        "@id": "node/10031486780",
        "@relations": [
          {
            "role": "stop",
            "rel": 14591110,
            "reltags": {
              "colour": "purple",
              "from": "Ст.м.Почайна",
              "name": "Автобус 101: ст. м. Почайна - вул. Радунська",
              "name:uk": "Автобус 101: ст. м. Почайна - вул. Радунська",
              "network": "Київський автобус",
              "network:wikidata": "Q3399835",
              "operator": "Київпастранс",
              "operator:en": "Kyivpastrans",
              "operator:uk": "Київпастранс",
              "operator:wikidata": "Q12110155",
              "public_transport:version": "2",
              "ref": "101",
              "route": "bus",
              "to": "Вул.Радунська",
              "type": "route"
            }
          }
        ]
      },
      "geometry": {
        "type": "Point",
        "coordinates": [
          30.5822574,
          50.4953504
        ]
      },
      "id": "node/10031486780"
    },
    {
      "type": "Feature",
      "properties": {
        "@id": "node/10031486783",
        "@relations": [
          {
            "role": "stop",
            "rel": 14591110,
            "reltags": {
              "colour": "purple",
              "from": "Ст.м.Почайна",
              "name": "Автобус 101: ст. м. Почайна - вул. Радунська",
              "name:uk": "Автобус 101: ст. м. Почайна - вул. Радунська",
              "network": "Київський автобус",
              "network:wikidata": "Q3399835",
              "operator": "Київпастранс",
              "operator:en": "Kyivpastrans",
              "operator:uk": "Київпастранс",
              "operator:wikidata": "Q12110155",
              "public_transport:version": "2",
              "ref": "101",
              "route": "bus",
              "to": "Вул.Радунська",
              "type": "route"
            }
          }
        ]
      },
      "geometry": {
        "type": "Point",
        "coordinates": [
          30.590592,
          50.4974515
        ]
      },
      "id": "node/10031486783"
    },
    {
      "type": "Feature",
      "properties": {
        "@id": "node/10031486781",
        "@relations": [
          {
            "role": "stop",
            "rel": 14591110,
            "reltags": {
              "colour": "purple",
              "from": "Ст.м.Почайна",
              "name": "Автобус 101: ст. м. Почайна - вул. Радунська",
              "name:uk": "Автобус 101: ст. м. Почайна - вул. Радунська",
              "network": "Київський автобус",
              "network:wikidata": "Q3399835",
              "operator": "Київпастранс",
              "operator:en": "Kyivpastrans",
              "operator:uk": "Київпастранс",
              "operator:wikidata": "Q12110155",
              "public_transport:version": "2",
              "ref": "101",
              "route": "bus",
              "to": "Вул.Радунська",
              "type": "route"
            }
          }
        ]
      },
      "geometry": {
        "type": "Point",
        "coordinates": [
          30.5960659,
          50.4974501
        ]
      },
      "id": "node/10031486781"
    },
    {
      "type": "Feature",
      "properties": {
        "@id": "node/10031486784",
        "@relations": [
          {
            "role": "stop",
            "rel": 14591110,
            "reltags": {
              "colour": "purple",
              "from": "Ст.м.Почайна",
              "name": "Автобус 101: ст. м. Почайна - вул. Радунська",
              "name:uk": "Автобус 101: ст. м. Почайна - вул. Радунська",
              "network": "Київський автобус",
              "network:wikidata": "Q3399835",
              "operator": "Київпастранс",
              "operator:en": "Kyivpastrans",
              "operator:uk": "Київпастранс",
              "operator:wikidata": "Q12110155",
              "public_transport:version": "2",
              "ref": "101",
              "route": "bus",
              "to": "Вул.Радунська",
              "type": "route"
            }
          }
        ]
      },
      "geometry": {
        "type": "Point",
        "coordinates": [
          30.6001011,
          50.4974534
        ]
      },
      "id": "node/10031486784"
    },
    {
      "type": "Feature",
      "properties": {
        "@id": "node/10032365687",
        "@relations": [
          {
            "role": "stop",
            "rel": 14591110,
            "reltags": {
              "colour": "purple",
              "from": "Ст.м.Почайна",
              "name": "Автобус 101: ст. м. Почайна - вул. Радунська",
              "name:uk": "Автобус 101: ст. м. Почайна - вул. Радунська",
              "network": "Київський автобус",
              "network:wikidata": "Q3399835",
              "operator": "Київпастранс",
              "operator:en": "Kyivpastrans",
              "operator:uk": "Київпастранс",
              "operator:wikidata": "Q12110155",
              "public_transport:version": "2",
              "ref": "101",
              "route": "bus",
              "to": "Вул.Радунська",
              "type": "route"
            }
          }
        ]
      },
      "geometry": {
        "type": "Point",
        "coordinates": [
          30.6047926,
          50.4980589
        ]
      },
      "id": "node/10032365687"
    },
    {
      "type": "Feature",
      "properties": {
        "@id": "node/10032365686",
        "@relations": [
          {
            "role": "platform",
            "rel": 14591110,
            "reltags": {
              "colour": "purple",
              "from": "Ст.м.Почайна",
              "name": "Автобус 101: ст. м. Почайна - вул. Радунська",
              "name:uk": "Автобус 101: ст. м. Почайна - вул. Радунська",
              "network": "Київський автобус",
              "network:wikidata": "Q3399835",
              "operator": "Київпастранс",
              "operator:en": "Kyivpastrans",
              "operator:uk": "Київпастранс",
              "operator:wikidata": "Q12110155",
              "public_transport:version": "2",
              "ref": "101",
              "route": "bus",
              "to": "Вул.Радунська",
              "type": "route"
            }
          }
        ]
      },
      "geometry": {
        "type": "Point",
        "coordinates": [
          30.6048656,
          50.4979862
        ]
      },
      "id": "node/10032365686"
    },
    {
      "type": "Feature",
      "properties": {
        "@id": "node/10031705585",
        "@relations": [
          {
            "role": "stop",
            "rel": 14591110,
            "reltags": {
              "colour": "purple",
              "from": "Ст.м.Почайна",
              "name": "Автобус 101: ст. м. Почайна - вул. Радунська",
              "name:uk": "Автобус 101: ст. м. Почайна - вул. Радунська",
              "network": "Київський автобус",
              "network:wikidata": "Q3399835",
              "operator": "Київпастранс",
              "operator:en": "Kyivpastrans",
              "operator:uk": "Київпастранс",
              "operator:wikidata": "Q12110155",
              "public_transport:version": "2",
              "ref": "101",
              "route": "bus",
              "to": "Вул.Радунська",
              "type": "route"
            }
          }
        ]
      },
      "geometry": {
        "type": "Point",
        "coordinates": [
          30.6071967,
          50.4991627
        ]
      },
      "id": "node/10031705585"
    },
    {
      "type": "Feature",
      "properties": {
        "@id": "node/10032408429",
        "@relations": [
          {
            "role": "stop",
            "rel": 14591110,
            "reltags": {
              "colour": "purple",
              "from": "Ст.м.Почайна",
              "name": "Автобус 101: ст. м. Почайна - вул. Радунська",
              "name:uk": "Автобус 101: ст. м. Почайна - вул. Радунська",
              "network": "Київський автобус",
              "network:wikidata": "Q3399835",
              "operator": "Київпастранс",
              "operator:en": "Kyivpastrans",
              "operator:uk": "Київпастранс",
              "operator:wikidata": "Q12110155",
              "public_transport:version": "2",
              "ref": "101",
              "route": "bus",
              "to": "Вул.Радунська",
              "type": "route"
            }
          }
        ]
      },
      "geometry": {
        "type": "Point",
        "coordinates": [
          30.610814,
          50.5008474
        ]
      },
      "id": "node/10032408429"
    },
    {
      "type": "Feature",
      "properties": {
        "@id": "node/10032408425",
        "@relations": [
          {
            "role": "stop",
            "rel": 14591110,
            "reltags": {
              "colour": "purple",
              "from": "Ст.м.Почайна",
              "name": "Автобус 101: ст. м. Почайна - вул. Радунська",
              "name:uk": "Автобус 101: ст. м. Почайна - вул. Радунська",
              "network": "Київський автобус",
              "network:wikidata": "Q3399835",
              "operator": "Київпастранс",
              "operator:en": "Kyivpastrans",
              "operator:uk": "Київпастранс",
              "operator:wikidata": "Q12110155",
              "public_transport:version": "2",
              "ref": "101",
              "route": "bus",
              "to": "Вул.Радунська",
              "type": "route"
            }
          }
        ]
      },
      "geometry": {
        "type": "Point",
        "coordinates": [
          30.6153181,
          50.5040011
        ]
      },
      "id": "node/10032408425"
    },
    {
      "type": "Feature",
      "properties": {
        "@id": "node/10032408432",
        "@relations": [
          {
            "role": "stop",
            "rel": 14591110,
            "reltags": {
              "colour": "purple",
              "from": "Ст.м.Почайна",
              "name": "Автобус 101: ст. м. Почайна - вул. Радунська",
              "name:uk": "Автобус 101: ст. м. Почайна - вул. Радунська",
              "network": "Київський автобус",
              "network:wikidata": "Q3399835",
              "operator": "Київпастранс",
              "operator:en": "Kyivpastrans",
              "operator:uk": "Київпастранс",
              "operator:wikidata": "Q12110155",
              "public_transport:version": "2",
              "ref": "101",
              "route": "bus",
              "to": "Вул.Радунська",
              "type": "route"
            }
          }
        ]
      },
      "geometry": {
        "type": "Point",
        "coordinates": [
          30.6189898,
          50.5076551
        ]
      },
      "id": "node/10032408432"
    },
    {
      "type": "Feature",
      "properties": {
        "@id": "node/10032408428",
        "@relations": [
          {
            "role": "stop",
            "rel": 14591110,
            "reltags": {
              "colour": "purple",
              "from": "Ст.м.Почайна",
              "name": "Автобус 101: ст. м. Почайна - вул. Радунська",
              "name:uk": "Автобус 101: ст. м. Почайна - вул. Радунська",
              "network": "Київський автобус",
              "network:wikidata": "Q3399835",
              "operator": "Київпастранс",
              "operator:en": "Kyivpastrans",
              "operator:uk": "Київпастранс",
              "operator:wikidata": "Q12110155",
              "public_transport:version": "2",
              "ref": "101",
              "route": "bus",
              "to": "Вул.Радунська",
              "type": "route"
            }
          }
        ]
      },
      "geometry": {
        "type": "Point",
        "coordinates": [
          30.6214722,
          50.5101315
        ]
      },
      "id": "node/10032408428"
    },
    {
      "type": "Feature",
      "properties": {
        "@id": "node/10032408435",
        "@relations": [
          {
            "role": "stop",
            "rel": 14591110,
            "reltags": {
              "colour": "purple",
              "from": "Ст.м.Почайна",
              "name": "Автобус 101: ст. м. Почайна - вул. Радунська",
              "name:uk": "Автобус 101: ст. м. Почайна - вул. Радунська",
              "network": "Київський автобус",
              "network:wikidata": "Q3399835",
              "operator": "Київпастранс",
              "operator:en": "Kyivpastrans",
              "operator:uk": "Київпастранс",
              "operator:wikidata": "Q12110155",
              "public_transport:version": "2",
              "ref": "101",
              "route": "bus",
              "to": "Вул.Радунська",
              "type": "route"
            }
          }
        ]
      },
      "geometry": {
        "type": "Point",
        "coordinates": [
          30.6238305,
          50.5127097
        ]
      },
      "id": "node/10032408435"
    },
    {
      "type": "Feature",
      "properties": {
        "@id": "node/10032408430",
        "@relations": [
          {
            "role": "stop",
            "rel": 14591110,
            "reltags": {
              "colour": "purple",
              "from": "Ст.м.Почайна",
              "name": "Автобус 101: ст. м. Почайна - вул. Радунська",
              "name:uk": "Автобус 101: ст. м. Почайна - вул. Радунська",
              "network": "Київський автобус",
              "network:wikidata": "Q3399835",
              "operator": "Київпастранс",
              "operator:en": "Kyivpastrans",
              "operator:uk": "Київпастранс",
              "operator:wikidata": "Q12110155",
              "public_transport:version": "2",
              "ref": "101",
              "route": "bus",
              "to": "Вул.Радунська",
              "type": "route"
            }
          }
        ]
      },
      "geometry": {
        "type": "Point",
        "coordinates": [
          30.6267969,
          50.5177463
        ]
      },
      "id": "node/10032408430"
    },
    {
      "type": "Feature",
      "properties": {
        "@id": "node/10032408433",
        "@relations": [
          {
            "role": "stop",
            "rel": 14591110,
            "reltags": {
              "colour": "purple",
              "from": "Ст.м.Почайна",
              "name": "Автобус 101: ст. м. Почайна - вул. Радунська",
              "name:uk": "Автобус 101: ст. м. Почайна - вул. Радунська",
              "network": "Київський автобус",
              "network:wikidata": "Q3399835",
              "operator": "Київпастранс",
              "operator:en": "Kyivpastrans",
              "operator:uk": "Київпастранс",
              "operator:wikidata": "Q12110155",
              "public_transport:version": "2",
              "ref": "101",
              "route": "bus",
              "to": "Вул.Радунська",
              "type": "route"
            }
          }
        ]
      },
      "geometry": {
        "type": "Point",
        "coordinates": [
          30.6275178,
          50.5200252
        ]
      },
      "id": "node/10032408433"
    },
    {
      "type": "Feature",
      "properties": {
        "@id": "node/10032408431",
        "@relations": [
          {
            "role": "platform",
            "rel": 14591110,
            "reltags": {
              "colour": "purple",
              "from": "Ст.м.Почайна",
              "name": "Автобус 101: ст. м. Почайна - вул. Радунська",
              "name:uk": "Автобус 101: ст. м. Почайна - вул. Радунська",
              "network": "Київський автобус",
              "network:wikidata": "Q3399835",
              "operator": "Київпастранс",
              "operator:en": "Kyivpastrans",
              "operator:uk": "Київпастранс",
              "operator:wikidata": "Q12110155",
              "public_transport:version": "2",
              "ref": "101",
              "route": "bus",
              "to": "Вул.Радунська",
              "type": "route"
            }
          }
        ]
      },
      "geometry": {
        "type": "Point",
        "coordinates": [
          30.6275759,
          50.5200216
        ]
      },
      "id": "node/10032408431"
    },
    {
      "type": "Feature",
      "properties": {
        "@id": "node/10032408434",
        "@relations": [
          {
            "role": "stop",
            "rel": 14591110,
            "reltags": {
              "colour": "purple",
              "from": "Ст.м.Почайна",
              "name": "Автобус 101: ст. м. Почайна - вул. Радунська",
              "name:uk": "Автобус 101: ст. м. Почайна - вул. Радунська",
              "network": "Київський автобус",
              "network:wikidata": "Q3399835",
              "operator": "Київпастранс",
              "operator:en": "Kyivpastrans",
              "operator:uk": "Київпастранс",
              "operator:wikidata": "Q12110155",
              "public_transport:version": "2",
              "ref": "101",
              "route": "bus",
              "to": "Вул.Радунська",
              "type": "route"
            }
          }
        ]
      },
      "geometry": {
        "type": "Point",
        "coordinates": [
          30.6278243,
          50.5213815
        ]
      },
      "id": "node/10032408434"
    },
    {
      "type": "Feature",
      "properties": {
        "@id": "node/10032408427",
        "@relations": [
          {
            "role": "stop",
            "rel": 14591110,
            "reltags": {
              "colour": "purple",
              "from": "Ст.м.Почайна",
              "name": "Автобус 101: ст. м. Почайна - вул. Радунська",
              "name:uk": "Автобус 101: ст. м. Почайна - вул. Радунська",
              "network": "Київський автобус",
              "network:wikidata": "Q3399835",
              "operator": "Київпастранс",
              "operator:en": "Kyivpastrans",
              "operator:uk": "Київпастранс",
              "operator:wikidata": "Q12110155",
              "public_transport:version": "2",
              "ref": "101",
              "route": "bus",
              "to": "Вул.Радунська",
              "type": "route"
            }
          }
        ]
      },
      "geometry": {
        "type": "Point",
        "coordinates": [
          30.6280664,
          50.5235309
        ]
      },
      "id": "node/10032408427"
    },
    {
      "type": "Feature",
      "properties": {
        "@id": "node/10032408426",
        "@relations": [
          {
            "role": "platform",
            "rel": 14591110,
            "reltags": {
              "colour": "purple",
              "from": "Ст.м.Почайна",
              "name": "Автобус 101: ст. м. Почайна - вул. Радунська",
              "name:uk": "Автобус 101: ст. м. Почайна - вул. Радунська",
              "network": "Київський автобус",
              "network:wikidata": "Q3399835",
              "operator": "Київпастранс",
              "operator:en": "Kyivpastrans",
              "operator:uk": "Київпастранс",
              "operator:wikidata": "Q12110155",
              "public_transport:version": "2",
              "ref": "101",
              "route": "bus",
              "to": "Вул.Радунська",
              "type": "route"
            }
          }
        ]
      },
      "geometry": {
        "type": "Point",
        "coordinates": [
          30.6281251,
          50.5235262
        ]
      },
      "id": "node/10032408426"
    },
    {
      "type": "Feature",
      "properties": {
        "@id": "node/10033268313",
        "@relations": [
          {
            "role": "stop",
            "rel": 14591110,
            "reltags": {
              "colour": "purple",
              "from": "Ст.м.Почайна",
              "name": "Автобус 101: ст. м. Почайна - вул. Радунська",
              "name:uk": "Автобус 101: ст. м. Почайна - вул. Радунська",
              "network": "Київський автобус",
              "network:wikidata": "Q3399835",
              "operator": "Київпастранс",
              "operator:en": "Kyivpastrans",
              "operator:uk": "Київпастранс",
              "operator:wikidata": "Q12110155",
              "public_transport:version": "2",
              "ref": "101",
              "route": "bus",
              "to": "Вул.Радунська",
              "type": "route"
            }
          }
        ]
      },
      "geometry": {
        "type": "Point",
        "coordinates": [
          30.6283484,
          50.525841
        ]
      },
      "id": "node/10033268313"
    },
    {
      "type": "Feature",
      "properties": {
        "@id": "node/10033268312",
        "@relations": [
          {
            "role": "stop",
            "rel": 14591110,
            "reltags": {
              "colour": "purple",
              "from": "Ст.м.Почайна",
              "name": "Автобус 101: ст. м. Почайна - вул. Радунська",
              "name:uk": "Автобус 101: ст. м. Почайна - вул. Радунська",
              "network": "Київський автобус",
              "network:wikidata": "Q3399835",
              "operator": "Київпастранс",
              "operator:en": "Kyivpastrans",
              "operator:uk": "Київпастранс",
              "operator:wikidata": "Q12110155",
              "public_transport:version": "2",
              "ref": "101",
              "route": "bus",
              "to": "Вул.Радунська",
              "type": "route"
            }
          }
        ]
      },
      "geometry": {
        "type": "Point",
        "coordinates": [
          30.628106,
          50.528924
        ]
      },
      "id": "node/10033268312"
    },
    {
      "type": "Feature",
      "properties": {
        "@id": "node/10033322602",
        "@relations": [
          {
            "role": "stop",
            "rel": 14591110,
            "reltags": {
              "colour": "purple",
              "from": "Ст.м.Почайна",
              "name": "Автобус 101: ст. м. Почайна - вул. Радунська",
              "name:uk": "Автобус 101: ст. м. Почайна - вул. Радунська",
              "network": "Київський автобус",
              "network:wikidata": "Q3399835",
              "operator": "Київпастранс",
              "operator:en": "Kyivpastrans",
              "operator:uk": "Київпастранс",
              "operator:wikidata": "Q12110155",
              "public_transport:version": "2",
              "ref": "101",
              "route": "bus",
              "to": "Вул.Радунська",
              "type": "route"
            }
          }
        ]
      },
      "geometry": {
        "type": "Point",
        "coordinates": [
          30.6236771,
          50.5290266
        ]
      },
      "id": "node/10033322602"
    },
    {
      "type": "Feature",
      "properties": {
        "@id": "node/4993578724",
        "@relations": [
          {
            "role": "platform",
            "rel": 14591110,
            "reltags": {
              "colour": "purple",
              "from": "Ст.м.Почайна",
              "name": "Автобус 101: ст. м. Почайна - вул. Радунська",
              "name:uk": "Автобус 101: ст. м. Почайна - вул. Радунська",
              "network": "Київський автобус",
              "network:wikidata": "Q3399835",
              "operator": "Київпастранс",
              "operator:en": "Kyivpastrans",
              "operator:uk": "Київпастранс",
              "operator:wikidata": "Q12110155",
              "public_transport:version": "2",
              "ref": "101",
              "route": "bus",
              "to": "Вул.Радунська",
              "type": "route"
            }
          }
        ]
      },
      "geometry": {
        "type": "Point",
        "coordinates": [
          30.6236311,
          50.5291866
        ]
      },
      "id": "node/4993578724"
    },
    {
      "type": "Feature",
      "properties": {
        "@id": "node/10033322601",
        "@relations": [
          {
            "role": "stop",
            "rel": 14591110,
            "reltags": {
              "colour": "purple",
              "from": "Ст.м.Почайна",
              "name": "Автобус 101: ст. м. Почайна - вул. Радунська",
              "name:uk": "Автобус 101: ст. м. Почайна - вул. Радунська",
              "network": "Київський автобус",
              "network:wikidata": "Q3399835",
              "operator": "Київпастранс",
              "operator:en": "Kyivpastrans",
              "operator:uk": "Київпастранс",
              "operator:wikidata": "Q12110155",
              "public_transport:version": "2",
              "ref": "101",
              "route": "bus",
              "to": "Вул.Радунська",
              "type": "route"
            }
          }
        ]
      },
      "geometry": {
        "type": "Point",
        "coordinates": [
          30.619827,
          50.5286232
        ]
      },
      "id": "node/10033322601"
    },
    {
      "type": "Feature",
      "properties": {
        "@id": "node/4928418121",
        "@relations": [
          {
            "role": "platform",
            "rel": 14591110,
            "reltags": {
              "colour": "purple",
              "from": "Ст.м.Почайна",
              "name": "Автобус 101: ст. м. Почайна - вул. Радунська",
              "name:uk": "Автобус 101: ст. м. Почайна - вул. Радунська",
              "network": "Київський автобус",
              "network:wikidata": "Q3399835",
              "operator": "Київпастранс",
              "operator:en": "Kyivpastrans",
              "operator:uk": "Київпастранс",
              "operator:wikidata": "Q12110155",
              "public_transport:version": "2",
              "ref": "101",
              "route": "bus",
              "to": "Вул.Радунська",
              "type": "route"
            }
          }
        ]
      },
      "geometry": {
        "type": "Point",
        "coordinates": [
          30.6198017,
          50.5287984
        ]
      },
      "id": "node/4928418121"
    },
    {
      "type": "Feature",
      "properties": {
        "@id": "node/10033322603",
        "@relations": [
          {
            "role": "stop",
            "rel": 14591110,
            "reltags": {
              "colour": "purple",
              "from": "Ст.м.Почайна",
              "name": "Автобус 101: ст. м. Почайна - вул. Радунська",
              "name:uk": "Автобус 101: ст. м. Почайна - вул. Радунська",
              "network": "Київський автобус",
              "network:wikidata": "Q3399835",
              "operator": "Київпастранс",
              "operator:en": "Kyivpastrans",
              "operator:uk": "Київпастранс",
              "operator:wikidata": "Q12110155",
              "public_transport:version": "2",
              "ref": "101",
              "route": "bus",
              "to": "Вул.Радунська",
              "type": "route"
            }
          }
        ]
      },
      "geometry": {
        "type": "Point",
        "coordinates": [
          30.6155365,
          50.5318205
        ]
      },
      "id": "node/10033322603"
    },
    {
      "type": "Feature",
      "properties": {
        "@id": "node/4372091321",
        "@relations": [
          {
            "role": "platform",
            "rel": 14591110,
            "reltags": {
              "colour": "purple",
              "from": "Ст.м.Почайна",
              "name": "Автобус 101: ст. м. Почайна - вул. Радунська",
              "name:uk": "Автобус 101: ст. м. Почайна - вул. Радунська",
              "network": "Київський автобус",
              "network:wikidata": "Q3399835",
              "operator": "Київпастранс",
              "operator:en": "Kyivpastrans",
              "operator:uk": "Київпастранс",
              "operator:wikidata": "Q12110155",
              "public_transport:version": "2",
              "ref": "101",
              "route": "bus",
              "to": "Вул.Радунська",
              "type": "route"
            }
          }
        ]
      },
      "geometry": {
        "type": "Point",
        "coordinates": [
          30.6157004,
          50.5319032
        ]
      },
      "id": "node/4372091321"
    },
    {
      "type": "Feature",
      "properties": {
        "@id": "node/10033319394",
        "@relations": [
          {
            "role": "stop",
            "rel": 14591110,
            "reltags": {
              "colour": "purple",
              "from": "Ст.м.Почайна",
              "name": "Автобус 101: ст. м. Почайна - вул. Радунська",
              "name:uk": "Автобус 101: ст. м. Почайна - вул. Радунська",
              "network": "Київський автобус",
              "network:wikidata": "Q3399835",
              "operator": "Київпастранс",
              "operator:en": "Kyivpastrans",
              "operator:uk": "Київпастранс",
              "operator:wikidata": "Q12110155",
              "public_transport:version": "2",
              "ref": "101",
              "route": "bus",
              "to": "Вул.Радунська",
              "type": "route"
            }
          }
        ]
      },
      "geometry": {
        "type": "Point",
        "coordinates": [
          30.6096697,
          50.5329253
        ]
      },
      "id": "node/10033319394"
    },
    {
      "type": "Feature",
      "properties": {
        "@id": "node/4372082917",
        "@relations": [
          {
            "role": "platform",
            "rel": 14591110,
            "reltags": {
              "colour": "purple",
              "from": "Ст.м.Почайна",
              "name": "Автобус 101: ст. м. Почайна - вул. Радунська",
              "name:uk": "Автобус 101: ст. м. Почайна - вул. Радунська",
              "network": "Київський автобус",
              "network:wikidata": "Q3399835",
              "operator": "Київпастранс",
              "operator:en": "Kyivpastrans",
              "operator:uk": "Київпастранс",
              "operator:wikidata": "Q12110155",
              "public_transport:version": "2",
              "ref": "101",
              "route": "bus",
              "to": "Вул.Радунська",
              "type": "route"
            }
          }
        ]
      },
      "geometry": {
        "type": "Point",
        "coordinates": [
          30.6110256,
          50.5329677
        ]
      },
      "id": "node/4372082917"
    },
    {
      "type": "Feature",
      "properties": {
        "@id": "node/10033319393",
        "@relations": [
          {
            "role": "stop",
            "rel": 14591110,
            "reltags": {
              "colour": "purple",
              "from": "Ст.м.Почайна",
              "name": "Автобус 101: ст. м. Почайна - вул. Радунська",
              "name:uk": "Автобус 101: ст. м. Почайна - вул. Радунська",
              "network": "Київський автобус",
              "network:wikidata": "Q3399835",
              "operator": "Київпастранс",
              "operator:en": "Kyivpastrans",
              "operator:uk": "Київпастранс",
              "operator:wikidata": "Q12110155",
              "public_transport:version": "2",
              "ref": "101",
              "route": "bus",
              "to": "Вул.Радунська",
              "type": "route"
            }
          }
        ]
      },
      "geometry": {
        "type": "Point",
        "coordinates": [
          30.6046348,
          50.5331827
        ]
      },
      "id": "node/10033319393"
    },
    {
      "type": "Feature",
      "properties": {
        "@id": "node/4372082915",
        "@relations": [
          {
            "role": "platform",
            "rel": 14591110,
            "reltags": {
              "colour": "purple",
              "from": "Ст.м.Почайна",
              "name": "Автобус 101: ст. м. Почайна - вул. Радунська",
              "name:uk": "Автобус 101: ст. м. Почайна - вул. Радунська",
              "network": "Київський автобус",
              "network:wikidata": "Q3399835",
              "operator": "Київпастранс",
              "operator:en": "Kyivpastrans",
              "operator:uk": "Київпастранс",
              "operator:wikidata": "Q12110155",
              "public_transport:version": "2",
              "ref": "101",
              "route": "bus",
              "to": "Вул.Радунська",
              "type": "route"
            }
          }
        ]
      },
      "geometry": {
        "type": "Point",
        "coordinates": [
          30.6045439,
          50.5332888
        ]
      },
      "id": "node/4372082915"
    },
    {
      "type": "Feature",
      "properties": {
        "@id": "node/10033319395",
        "@relations": [
          {
            "role": "stop_exit_only",
            "rel": 14591110,
            "reltags": {
              "colour": "purple",
              "from": "Ст.м.Почайна",
              "name": "Автобус 101: ст. м. Почайна - вул. Радунська",
              "name:uk": "Автобус 101: ст. м. Почайна - вул. Радунська",
              "network": "Київський автобус",
              "network:wikidata": "Q3399835",
              "operator": "Київпастранс",
              "operator:en": "Kyivpastrans",
              "operator:uk": "Київпастранс",
              "operator:wikidata": "Q12110155",
              "public_transport:version": "2",
              "ref": "101",
              "route": "bus",
              "to": "Вул.Радунська",
              "type": "route"
            }
          }
        ]
      },
      "geometry": {
        "type": "Point",
        "coordinates": [
          30.5999778,
          50.5329348
        ]
      },
      "id": "node/10033319395"
    },
    {
      "type": "Feature",
      "properties": {
        "@id": "node/4372074514",
        "@relations": [
          {
            "role": "platform_exit_only",
            "rel": 14591110,
            "reltags": {
              "colour": "purple",
              "from": "Ст.м.Почайна",
              "name": "Автобус 101: ст. м. Почайна - вул. Радунська",
              "name:uk": "Автобус 101: ст. м. Почайна - вул. Радунська",
              "network": "Київський автобус",
              "network:wikidata": "Q3399835",
              "operator": "Київпастранс",
              "operator:en": "Kyivpastrans",
              "operator:uk": "Київпастранс",
              "operator:wikidata": "Q12110155",
              "public_transport:version": "2",
              "ref": "101",
              "route": "bus",
              "to": "Вул.Радунська",
              "type": "route"
            }
          }
        ]
      },
      "geometry": {
        "type": "Point",
        "coordinates": [
          30.5999211,
          50.5330277
        ]
      },
      "id": "node/4372074514"
    },
    {
      "type": "Feature",
      "properties": {
        "@id": "node/10033775837",
        "@relations": [
          {
            "role": "stop_entry_only",
            "rel": 14594895,
            "reltags": {
              "colour": "brown",
              "from": "Вул.Радунська",
              "name": "Автобус 101: вул. Радунська - ст. м. Почайна",
              "name:uk": "Автобус 101: вул. Радунська - ст. м. Почайна",
              "network": "Київський автобус",
              "network:wikidata": "Q3399835",
              "operator": "Київпастранс",
              "operator:en": "Kyivpastrans",
              "operator:uk": "Київпастранс",
              "operator:wikidata": "Q12110155",
              "public_transport:version": "2",
              "ref": "101",
              "route": "bus",
              "to": "Ст.м.Почайна",
              "type": "route"
            }
          }
        ]
      },
      "geometry": {
        "type": "Point",
        "coordinates": [
          30.600324,
          50.5330379
        ]
      },
      "id": "node/10033775837"
    },
    {
      "type": "Feature",
      "properties": {
        "@id": "node/10040447461",
        "@relations": [
          {
            "role": "stop",
            "rel": 14594895,
            "reltags": {
              "colour": "brown",
              "from": "Вул.Радунська",
              "name": "Автобус 101: вул. Радунська - ст. м. Почайна",
              "name:uk": "Автобус 101: вул. Радунська - ст. м. Почайна",
              "network": "Київський автобус",
              "network:wikidata": "Q3399835",
              "operator": "Київпастранс",
              "operator:en": "Kyivpastrans",
              "operator:uk": "Київпастранс",
              "operator:wikidata": "Q12110155",
              "public_transport:version": "2",
              "ref": "101",
              "route": "bus",
              "to": "Ст.м.Почайна",
              "type": "route"
            }
          }
        ]
      },
      "geometry": {
        "type": "Point",
        "coordinates": [
          30.6051186,
          50.5331619
        ]
      },
      "id": "node/10040447461"
    },
    {
      "type": "Feature",
      "properties": {
        "@id": "node/4372082916",
        "@relations": [
          {
            "role": "platform",
            "rel": 14594895,
            "reltags": {
              "colour": "brown",
              "from": "Вул.Радунська",
              "name": "Автобус 101: вул. Радунська - ст. м. Почайна",
              "name:uk": "Автобус 101: вул. Радунська - ст. м. Почайна",
              "network": "Київський автобус",
              "network:wikidata": "Q3399835",
              "operator": "Київпастранс",
              "operator:en": "Kyivpastrans",
              "operator:uk": "Київпастранс",
              "operator:wikidata": "Q12110155",
              "public_transport:version": "2",
              "ref": "101",
              "route": "bus",
              "to": "Ст.м.Почайна",
              "type": "route"
            }
          }
        ]
      },
      "geometry": {
        "type": "Point",
        "coordinates": [
          30.6051283,
          50.5330254
        ]
      },
      "id": "node/4372082916"
    },
    {
      "type": "Feature",
      "properties": {
        "@id": "node/10040470393",
        "@relations": [
          {
            "role": "stop",
            "rel": 14594895,
            "reltags": {
              "colour": "brown",
              "from": "Вул.Радунська",
              "name": "Автобус 101: вул. Радунська - ст. м. Почайна",
              "name:uk": "Автобус 101: вул. Радунська - ст. м. Почайна",
              "network": "Київський автобус",
              "network:wikidata": "Q3399835",
              "operator": "Київпастранс",
              "operator:en": "Kyivpastrans",
              "operator:uk": "Київпастранс",
              "operator:wikidata": "Q12110155",
              "public_transport:version": "2",
              "ref": "101",
              "route": "bus",
              "to": "Ст.м.Почайна",
              "type": "route"
            }
          }
        ]
      },
      "geometry": {
        "type": "Point",
        "coordinates": [
          30.6111405,
          50.5328557
        ]
      },
      "id": "node/10040470393"
    },
    {
      "type": "Feature",
      "properties": {
        "@id": "node/4372082918",
        "@relations": [
          {
            "role": "platform",
            "rel": 14594895,
            "reltags": {
              "colour": "brown",
              "from": "Вул.Радунська",
              "name": "Автобус 101: вул. Радунська - ст. м. Почайна",
              "name:uk": "Автобус 101: вул. Радунська - ст. м. Почайна",
              "network": "Київський автобус",
              "network:wikidata": "Q3399835",
              "operator": "Київпастранс",
              "operator:en": "Kyivpastrans",
              "operator:uk": "Київпастранс",
              "operator:wikidata": "Q12110155",
              "public_transport:version": "2",
              "ref": "101",
              "route": "bus",
              "to": "Ст.м.Почайна",
              "type": "route"
            }
          }
        ]
      },
      "geometry": {
        "type": "Point",
        "coordinates": [
          30.6112635,
          50.5327159
        ]
      },
      "id": "node/4372082918"
    },
    {
      "type": "Feature",
      "properties": {
        "@id": "node/10040470391",
        "@relations": [
          {
            "role": "stop",
            "rel": 14594895,
            "reltags": {
              "colour": "brown",
              "from": "Вул.Радунська",
              "name": "Автобус 101: вул. Радунська - ст. м. Почайна",
              "name:uk": "Автобус 101: вул. Радунська - ст. м. Почайна",
              "network": "Київський автобус",
              "network:wikidata": "Q3399835",
              "operator": "Київпастранс",
              "operator:en": "Kyivpastrans",
              "operator:uk": "Київпастранс",
              "operator:wikidata": "Q12110155",
              "public_transport:version": "2",
              "ref": "101",
              "route": "bus",
              "to": "Ст.м.Почайна",
              "type": "route"
            }
          }
        ]
      },
      "geometry": {
        "type": "Point",
        "coordinates": [
          30.6156824,
          50.531714
        ]
      },
      "id": "node/10040470391"
    },
    {
      "type": "Feature",
      "properties": {
        "@id": "node/4372091322",
        "@relations": [
          {
            "role": "platform",
            "rel": 14594895,
            "reltags": {
              "colour": "brown",
              "from": "Вул.Радунська",
              "name": "Автобус 101: вул. Радунська - ст. м. Почайна",
              "name:uk": "Автобус 101: вул. Радунська - ст. м. Почайна",
              "network": "Київський автобус",
              "network:wikidata": "Q3399835",
              "operator": "Київпастранс",
              "operator:en": "Kyivpastrans",
              "operator:uk": "Київпастранс",
              "operator:wikidata": "Q12110155",
              "public_transport:version": "2",
              "ref": "101",
              "route": "bus",
              "to": "Ст.м.Почайна",
              "type": "route"
            }
          }
        ]
      },
      "geometry": {
        "type": "Point",
        "coordinates": [
          30.6155337,
          50.5316241
        ]
      },
      "id": "node/4372091322"
    },
    {
      "type": "Feature",
      "properties": {
        "@id": "node/10040470394",
        "@relations": [
          {
            "role": "stop",
            "rel": 14594895,
            "reltags": {
              "colour": "brown",
              "from": "Вул.Радунська",
              "name": "Автобус 101: вул. Радунська - ст. м. Почайна",
              "name:uk": "Автобус 101: вул. Радунська - ст. м. Почайна",
              "network": "Київський автобус",
              "network:wikidata": "Q3399835",
              "operator": "Київпастранс",
              "operator:en": "Kyivpastrans",
              "operator:uk": "Київпастранс",
              "operator:wikidata": "Q12110155",
              "public_transport:version": "2",
              "ref": "101",
              "route": "bus",
              "to": "Ст.м.Почайна",
              "type": "route"
            }
          }
        ]
      },
      "geometry": {
        "type": "Point",
        "coordinates": [
          30.6209408,
          50.5285251
        ]
      },
      "id": "node/10040470394"
    },
    {
      "type": "Feature",
      "properties": {
        "@id": "node/9040085419",
        "@relations": [
          {
            "role": "platform",
            "rel": 14594895,
            "reltags": {
              "colour": "brown",
              "from": "Вул.Радунська",
              "name": "Автобус 101: вул. Радунська - ст. м. Почайна",
              "name:uk": "Автобус 101: вул. Радунська - ст. м. Почайна",
              "network": "Київський автобус",
              "network:wikidata": "Q3399835",
              "operator": "Київпастранс",
              "operator:en": "Kyivpastrans",
              "operator:uk": "Київпастранс",
              "operator:wikidata": "Q12110155",
              "public_transport:version": "2",
              "ref": "101",
              "route": "bus",
              "to": "Ст.м.Почайна",
              "type": "route"
            }
          }
        ]
      },
      "geometry": {
        "type": "Point",
        "coordinates": [
          30.6209431,
          50.5284683
        ]
      },
      "id": "node/9040085419"
    },
    {
      "type": "Feature",
      "properties": {
        "@id": "node/10040470392",
        "@relations": [
          {
            "role": "stop",
            "rel": 14594895,
            "reltags": {
              "colour": "brown",
              "from": "Вул.Радунська",
              "name": "Автобус 101: вул. Радунська - ст. м. Почайна",
              "name:uk": "Автобус 101: вул. Радунська - ст. м. Почайна",
              "network": "Київський автобус",
              "network:wikidata": "Q3399835",
              "operator": "Київпастранс",
              "operator:en": "Kyivpastrans",
              "operator:uk": "Київпастранс",
              "operator:wikidata": "Q12110155",
              "public_transport:version": "2",
              "ref": "101",
              "route": "bus",
              "to": "Ст.м.Почайна",
              "type": "route"
            }
          }
        ]
      },
      "geometry": {
        "type": "Point",
        "coordinates": [
          30.6239131,
          50.5290524
        ]
      },
      "id": "node/10040470392"
    },
    {
      "type": "Feature",
      "properties": {
        "@id": "node/10102901277",
        "@relations": [
          {
            "role": "stop",
            "rel": 14594895,
            "reltags": {
              "colour": "brown",
              "from": "Вул.Радунська",
              "name": "Автобус 101: вул. Радунська - ст. м. Почайна",
              "name:uk": "Автобус 101: вул. Радунська - ст. м. Почайна",
              "network": "Київський автобус",
              "network:wikidata": "Q3399835",
              "operator": "Київпастранс",
              "operator:en": "Kyivpastrans",
              "operator:uk": "Київпастранс",
              "operator:wikidata": "Q12110155",
              "public_transport:version": "2",
              "ref": "101",
              "route": "bus",
              "to": "Ст.м.Почайна",
              "type": "route"
            }
          }
        ]
      },
      "geometry": {
        "type": "Point",
        "coordinates": [
          30.6285834,
          50.5282238
        ]
      },
      "id": "node/10102901277"
    },
    {
      "type": "Feature",
      "properties": {
        "@id": "node/10102900094",
        "@relations": [
          {
            "role": "stop",
            "rel": 14594895,
            "reltags": {
              "colour": "brown",
              "from": "Вул.Радунська",
              "name": "Автобус 101: вул. Радунська - ст. м. Почайна",
              "name:uk": "Автобус 101: вул. Радунська - ст. м. Почайна",
              "network": "Київський автобус",
              "network:wikidata": "Q3399835",
              "operator": "Київпастранс",
              "operator:en": "Kyivpastrans",
              "operator:uk": "Київпастранс",
              "operator:wikidata": "Q12110155",
              "public_transport:version": "2",
              "ref": "101",
              "route": "bus",
              "to": "Ст.м.Почайна",
              "type": "route"
            }
          }
        ]
      },
      "geometry": {
        "type": "Point",
        "coordinates": [
          30.6283314,
          50.5256565
        ]
      },
      "id": "node/10102900094"
    },
    {
      "type": "Feature",
      "properties": {
        "@id": "node/10102900097",
        "@relations": [
          {
            "role": "stop",
            "rel": 14594895,
            "reltags": {
              "colour": "brown",
              "from": "Вул.Радунська",
              "name": "Автобус 101: вул. Радунська - ст. м. Почайна",
              "name:uk": "Автобус 101: вул. Радунська - ст. м. Почайна",
              "network": "Київський автобус",
              "network:wikidata": "Q3399835",
              "operator": "Київпастранс",
              "operator:en": "Kyivpastrans",
              "operator:uk": "Київпастранс",
              "operator:wikidata": "Q12110155",
              "public_transport:version": "2",
              "ref": "101",
              "route": "bus",
              "to": "Ст.м.Почайна",
              "type": "route"
            }
          }
        ]
      },
      "geometry": {
        "type": "Point",
        "coordinates": [
          30.6280864,
          50.5237208
        ]
      },
      "id": "node/10102900097"
    },
    {
      "type": "Feature",
      "properties": {
        "@id": "node/10102900095",
        "@relations": [
          {
            "role": "stop",
            "rel": 14594895,
            "reltags": {
              "colour": "brown",
              "from": "Вул.Радунська",
              "name": "Автобус 101: вул. Радунська - ст. м. Почайна",
              "name:uk": "Автобус 101: вул. Радунська - ст. м. Почайна",
              "network": "Київський автобус",
              "network:wikidata": "Q3399835",
              "operator": "Київпастранс",
              "operator:en": "Kyivpastrans",
              "operator:uk": "Київпастранс",
              "operator:wikidata": "Q12110155",
              "public_transport:version": "2",
              "ref": "101",
              "route": "bus",
              "to": "Ст.м.Почайна",
              "type": "route"
            }
          }
        ]
      },
      "geometry": {
        "type": "Point",
        "coordinates": [
          30.6273393,
          50.5193628
        ]
      },
      "id": "node/10102900095"
    },
    {
      "type": "Feature",
      "properties": {
        "@id": "node/10102900099",
        "@relations": [
          {
            "role": "stop",
            "rel": 14594895,
            "reltags": {
              "colour": "brown",
              "from": "Вул.Радунська",
              "name": "Автобус 101: вул. Радунська - ст. м. Почайна",
              "name:uk": "Автобус 101: вул. Радунська - ст. м. Почайна",
              "network": "Київський автобус",
              "network:wikidata": "Q3399835",
              "operator": "Київпастранс",
              "operator:en": "Kyivpastrans",
              "operator:uk": "Київпастранс",
              "operator:wikidata": "Q12110155",
              "public_transport:version": "2",
              "ref": "101",
              "route": "bus",
              "to": "Ст.м.Почайна",
              "type": "route"
            }
          }
        ]
      },
      "geometry": {
        "type": "Point",
        "coordinates": [
          30.6265464,
          50.5171356
        ]
      },
      "id": "node/10102900099"
    },
    {
      "type": "Feature",
      "properties": {
        "@id": "node/10102900096",
        "@relations": [
          {
            "role": "stop",
            "rel": 14594895,
            "reltags": {
              "colour": "brown",
              "from": "Вул.Радунська",
              "name": "Автобус 101: вул. Радунська - ст. м. Почайна",
              "name:uk": "Автобус 101: вул. Радунська - ст. м. Почайна",
              "network": "Київський автобус",
              "network:wikidata": "Q3399835",
              "operator": "Київпастранс",
              "operator:en": "Kyivpastrans",
              "operator:uk": "Київпастранс",
              "operator:wikidata": "Q12110155",
              "public_transport:version": "2",
              "ref": "101",
              "route": "bus",
              "to": "Ст.м.Почайна",
              "type": "route"
            }
          }
        ]
      },
      "geometry": {
        "type": "Point",
        "coordinates": [
          30.6250906,
          50.5144579
        ]
      },
      "id": "node/10102900096"
    },
    {
      "type": "Feature",
      "properties": {
        "@id": "node/10102900093",
        "@relations": [
          {
            "role": "stop",
            "rel": 14594895,
            "reltags": {
              "colour": "brown",
              "from": "Вул.Радунська",
              "name": "Автобус 101: вул. Радунська - ст. м. Почайна",
              "name:uk": "Автобус 101: вул. Радунська - ст. м. Почайна",
              "network": "Київський автобус",
              "network:wikidata": "Q3399835",
              "operator": "Київпастранс",
              "operator:en": "Kyivpastrans",
              "operator:uk": "Київпастранс",
              "operator:wikidata": "Q12110155",
              "public_transport:version": "2",
              "ref": "101",
              "route": "bus",
              "to": "Ст.м.Почайна",
              "type": "route"
            }
          }
        ]
      },
      "geometry": {
        "type": "Point",
        "coordinates": [
          30.6234777,
          50.5122747
        ]
      },
      "id": "node/10102900093"
    },
    {
      "type": "Feature",
      "properties": {
        "@id": "node/10102900098",
        "@relations": [
          {
            "role": "stop",
            "rel": 14594895,
            "reltags": {
              "colour": "brown",
              "from": "Вул.Радунська",
              "name": "Автобус 101: вул. Радунська - ст. м. Почайна",
              "name:uk": "Автобус 101: вул. Радунська - ст. м. Почайна",
              "network": "Київський автобус",
              "network:wikidata": "Q3399835",
              "operator": "Київпастранс",
              "operator:en": "Kyivpastrans",
              "operator:uk": "Київпастранс",
              "operator:wikidata": "Q12110155",
              "public_transport:version": "2",
              "ref": "101",
              "route": "bus",
              "to": "Ст.м.Почайна",
              "type": "route"
            }
          }
        ]
      },
      "geometry": {
        "type": "Point",
        "coordinates": [
          30.6206712,
          50.5093359
        ]
      },
      "id": "node/10102900098"
    },
    {
      "type": "Feature",
      "properties": {
        "@id": "node/10102974854",
        "@relations": [
          {
            "role": "stop",
            "rel": 14594895,
            "reltags": {
              "colour": "brown",
              "from": "Вул.Радунська",
              "name": "Автобус 101: вул. Радунська - ст. м. Почайна",
              "name:uk": "Автобус 101: вул. Радунська - ст. м. Почайна",
              "network": "Київський автобус",
              "network:wikidata": "Q3399835",
              "operator": "Київпастранс",
              "operator:en": "Kyivpastrans",
              "operator:uk": "Київпастранс",
              "operator:wikidata": "Q12110155",
              "public_transport:version": "2",
              "ref": "101",
              "route": "bus",
              "to": "Ст.м.Почайна",
              "type": "route"
            }
          }
        ]
      },
      "geometry": {
        "type": "Point",
        "coordinates": [
          30.6185511,
          50.5072177
        ]
      },
      "id": "node/10102974854"
    },
    {
      "type": "Feature",
      "properties": {
        "@id": "node/10103021980",
        "@relations": [
          {
            "role": "stop",
            "rel": 14594895,
            "reltags": {
              "colour": "brown",
              "from": "Вул.Радунська",
              "name": "Автобус 101: вул. Радунська - ст. м. Почайна",
              "name:uk": "Автобус 101: вул. Радунська - ст. м. Почайна",
              "network": "Київський автобус",
              "network:wikidata": "Q3399835",
              "operator": "Київпастранс",
              "operator:en": "Kyivpastrans",
              "operator:uk": "Київпастранс",
              "operator:wikidata": "Q12110155",
              "public_transport:version": "2",
              "ref": "101",
              "route": "bus",
              "to": "Ст.м.Почайна",
              "type": "route"
            }
          }
        ]
      },
      "geometry": {
        "type": "Point",
        "coordinates": [
          30.6150423,
          50.5037284
        ]
      },
      "id": "node/10103021980"
    },
    {
      "type": "Feature",
      "properties": {
        "@id": "node/10031650467",
        "@relations": [
          {
            "role": "stop",
            "rel": 14594895,
            "reltags": {
              "colour": "brown",
              "from": "Вул.Радунська",
              "name": "Автобус 101: вул. Радунська - ст. м. Почайна",
              "name:uk": "Автобус 101: вул. Радунська - ст. м. Почайна",
              "network": "Київський автобус",
              "network:wikidata": "Q3399835",
              "operator": "Київпастранс",
              "operator:en": "Kyivpastrans",
              "operator:uk": "Київпастранс",
              "operator:wikidata": "Q12110155",
              "public_transport:version": "2",
              "ref": "101",
              "route": "bus",
              "to": "Ст.м.Почайна",
              "type": "route"
            }
          }
        ]
      },
      "geometry": {
        "type": "Point",
        "coordinates": [
          30.6104291,
          50.5006696
        ]
      },
      "id": "node/10031650467"
    },
    {
      "type": "Feature",
      "properties": {
        "@id": "node/10103021979",
        "@relations": [
          {
            "role": "stop",
            "rel": 14594895,
            "reltags": {
              "colour": "brown",
              "from": "Вул.Радунська",
              "name": "Автобус 101: вул. Радунська - ст. м. Почайна",
              "name:uk": "Автобус 101: вул. Радунська - ст. м. Почайна",
              "network": "Київський автобус",
              "network:wikidata": "Q3399835",
              "operator": "Київпастранс",
              "operator:en": "Kyivpastrans",
              "operator:uk": "Київпастранс",
              "operator:wikidata": "Q12110155",
              "public_transport:version": "2",
              "ref": "101",
              "route": "bus",
              "to": "Ст.м.Почайна",
              "type": "route"
            }
          }
        ]
      },
      "geometry": {
        "type": "Point",
        "coordinates": [
          30.605447,
          50.4983764
        ]
      },
      "id": "node/10103021979"
    },
    {
      "type": "Feature",
      "properties": {
        "@id": "node/10103021982",
        "@relations": [
          {
            "role": "stop",
            "rel": 14594895,
            "reltags": {
              "colour": "brown",
              "from": "Вул.Радунська",
              "name": "Автобус 101: вул. Радунська - ст. м. Почайна",
              "name:uk": "Автобус 101: вул. Радунська - ст. м. Почайна",
              "network": "Київський автобус",
              "network:wikidata": "Q3399835",
              "operator": "Київпастранс",
              "operator:en": "Kyivpastrans",
              "operator:uk": "Київпастранс",
              "operator:wikidata": "Q12110155",
              "public_transport:version": "2",
              "ref": "101",
              "route": "bus",
              "to": "Ст.м.Почайна",
              "type": "route"
            }
          }
        ]
      },
      "geometry": {
        "type": "Point",
        "coordinates": [
          30.5995016,
          50.4974546
        ]
      },
      "id": "node/10103021982"
    },
    {
      "type": "Feature",
      "properties": {
        "@id": "node/10103021983",
        "@relations": [
          {
            "role": "stop",
            "rel": 14594895,
            "reltags": {
              "colour": "brown",
              "from": "Вул.Радунська",
              "name": "Автобус 101: вул. Радунська - ст. м. Почайна",
              "name:uk": "Автобус 101: вул. Радунська - ст. м. Почайна",
              "network": "Київський автобус",
              "network:wikidata": "Q3399835",
              "operator": "Київпастранс",
              "operator:en": "Kyivpastrans",
              "operator:uk": "Київпастранс",
              "operator:wikidata": "Q12110155",
              "public_transport:version": "2",
              "ref": "101",
              "route": "bus",
              "to": "Ст.м.Почайна",
              "type": "route"
            }
          }
        ]
      },
      "geometry": {
        "type": "Point",
        "coordinates": [
          30.5954859,
          50.4974495
        ]
      },
      "id": "node/10103021983"
    },
    {
      "type": "Feature",
      "properties": {
        "@id": "node/10103021981",
        "@relations": [
          {
            "role": "stop",
            "rel": 14594895,
            "reltags": {
              "colour": "brown",
              "from": "Вул.Радунська",
              "name": "Автобус 101: вул. Радунська - ст. м. Почайна",
              "name:uk": "Автобус 101: вул. Радунська - ст. м. Почайна",
              "network": "Київський автобус",
              "network:wikidata": "Q3399835",
              "operator": "Київпастранс",
              "operator:en": "Kyivpastrans",
              "operator:uk": "Київпастранс",
              "operator:wikidata": "Q12110155",
              "public_transport:version": "2",
              "ref": "101",
              "route": "bus",
              "to": "Ст.м.Почайна",
              "type": "route"
            }
          }
        ]
      },
      "geometry": {
        "type": "Point",
        "coordinates": [
          30.5910807,
          50.4974495
        ]
      },
      "id": "node/10103021981"
    },
    {
      "type": "Feature",
      "properties": {
        "@id": "node/10110056024",
        "@relations": [
          {
            "role": "stop",
            "rel": 14594895,
            "reltags": {
              "colour": "brown",
              "from": "Вул.Радунська",
              "name": "Автобус 101: вул. Радунська - ст. м. Почайна",
              "name:uk": "Автобус 101: вул. Радунська - ст. м. Почайна",
              "network": "Київський автобус",
              "network:wikidata": "Q3399835",
              "operator": "Київпастранс",
              "operator:en": "Kyivpastrans",
              "operator:uk": "Київпастранс",
              "operator:wikidata": "Q12110155",
              "public_transport:version": "2",
              "ref": "101",
              "route": "bus",
              "to": "Ст.м.Почайна",
              "type": "route"
            }
          }
        ]
      },
      "geometry": {
        "type": "Point",
        "coordinates": [
          30.5805848,
          50.4955131
        ]
      },
      "id": "node/10110056024"
    },
    {
      "type": "Feature",
      "properties": {
        "@id": "node/4437803215",
        "@relations": [
          {
            "role": "platform",
            "rel": 14594895,
            "reltags": {
              "colour": "brown",
              "from": "Вул.Радунська",
              "name": "Автобус 101: вул. Радунська - ст. м. Почайна",
              "name:uk": "Автобус 101: вул. Радунська - ст. м. Почайна",
              "network": "Київський автобус",
              "network:wikidata": "Q3399835",
              "operator": "Київпастранс",
              "operator:en": "Kyivpastrans",
              "operator:uk": "Київпастранс",
              "operator:wikidata": "Q12110155",
              "public_transport:version": "2",
              "ref": "101",
              "route": "bus",
              "to": "Ст.м.Почайна",
              "type": "route"
            }
          }
        ]
      },
      "geometry": {
        "type": "Point",
        "coordinates": [
          30.5742688,
          50.4956799
        ]
      },
      "id": "node/4437803215"
    },
    {
      "type": "Feature",
      "properties": {
        "@id": "node/6377660527",
        "@relations": [
          {
            "role": "stop",
            "rel": 14594895,
            "reltags": {
              "colour": "brown",
              "from": "Вул.Радунська",
              "name": "Автобус 101: вул. Радунська - ст. м. Почайна",
              "name:uk": "Автобус 101: вул. Радунська - ст. м. Почайна",
              "network": "Київський автобус",
              "network:wikidata": "Q3399835",
              "operator": "Київпастранс",
              "operator:en": "Kyivpastrans",
              "operator:uk": "Київпастранс",
              "operator:wikidata": "Q12110155",
              "public_transport:version": "2",
              "ref": "101",
              "route": "bus",
              "to": "Ст.м.Почайна",
              "type": "route"
            }
          }
        ]
      },
      "geometry": {
        "type": "Point",
        "coordinates": [
          30.5441,
          50.4932149
        ]
      },
      "id": "node/6377660527"
    },
    {
      "type": "Feature",
      "properties": {
        "@id": "node/6377704725",
        "@relations": [
          {
            "role": "stop",
            "rel": 14594895,
            "reltags": {
              "colour": "brown",
              "from": "Вул.Радунська",
              "name": "Автобус 101: вул. Радунська - ст. м. Почайна",
              "name:uk": "Автобус 101: вул. Радунська - ст. м. Почайна",
              "network": "Київський автобус",
              "network:wikidata": "Q3399835",
              "operator": "Київпастранс",
              "operator:en": "Kyivpastrans",
              "operator:uk": "Київпастранс",
              "operator:wikidata": "Q12110155",
              "public_transport:version": "2",
              "ref": "101",
              "route": "bus",
              "to": "Ст.м.Почайна",
              "type": "route"
            }
          }
        ]
      },
      "geometry": {
        "type": "Point",
        "coordinates": [
          30.5238262,
          50.4882526
        ]
      },
      "id": "node/6377704725"
    },
    {
      "type": "Feature",
      "properties": {
        "@id": "node/6377660531",
        "@relations": [
          {
            "role": "stop",
            "rel": 14594895,
            "reltags": {
              "colour": "brown",
              "from": "Вул.Радунська",
              "name": "Автобус 101: вул. Радунська - ст. м. Почайна",
              "name:uk": "Автобус 101: вул. Радунська - ст. м. Почайна",
              "network": "Київський автобус",
              "network:wikidata": "Q3399835",
              "operator": "Київпастранс",
              "operator:en": "Kyivpastrans",
              "operator:uk": "Київпастранс",
              "operator:wikidata": "Q12110155",
              "public_transport:version": "2",
              "ref": "101",
              "route": "bus",
              "to": "Ст.м.Почайна",
              "type": "route"
            }
          }
        ]
      },
      "geometry": {
        "type": "Point",
        "coordinates": [
          30.5088153,
          50.4888307
        ]
      },
      "id": "node/6377660531"
    },
    {
      "type": "Feature",
      "properties": {
        "@id": "node/8922437243",
        "@relations": [
          {
            "role": "stop_entry_only",
            "rel": 14594895,
            "reltags": {
              "colour": "brown",
              "from": "Вул.Радунська",
              "name": "Автобус 101: вул. Радунська - ст. м. Почайна",
              "name:uk": "Автобус 101: вул. Радунська - ст. м. Почайна",
              "network": "Київський автобус",
              "network:wikidata": "Q3399835",
              "operator": "Київпастранс",
              "operator:en": "Kyivpastrans",
              "operator:uk": "Київпастранс",
              "operator:wikidata": "Q12110155",
              "public_transport:version": "2",
              "ref": "101",
              "route": "bus",
              "to": "Ст.м.Почайна",
              "type": "route"
            }
          }
        ]
      },
      "geometry": {
        "type": "Point",
        "coordinates": [
          30.4976551,
          50.4874848
        ]
      },
      "id": "node/8922437243"
    }
  ]
}